click,purchase,101,121,122,124,125,126,127,128,129,205,206,207,216,508,509,702,853,301
0,0,24506,50,7,2,7,0,2,1,2,0,6617,241253,0,3889,0,0,0,1
0,0,24506,50,7,2,7,0,2,1,2,285875,4932,227985,104091,0,0,0,0,1
1,0,24506,50,7,2,7,0,2,1,2,106773,3097,97188,64469,5035,0,14074,752,1
0,0,24506,50,7,2,7,0,2,1,2,0,5971,147495,87668,739,0,0,0,1
0,0,24506,50,7,2,7,0,2,1,2,45163,3097,220349,25422,5035,0,0,752,1
0,0,24506,50,7,2,7,0,2,1,2,0,6444,59432,55177,2915,34046,6958,0,1
0,0,24506,50,7,2,7,0,2,1,2,0,811,23736,82550,0,36337,0,0,1
0,0,24506,50,7,2,7,0,2,1,2,0,230,138597,55177,5787,0,6958,0,1
0,0,24506,50,7,2,7,0,2,1,2,0,6444,0,64469,2915,0,14074,0,1
0,0,24506,50,7,2,7,0,2,1,2,399833,692,141046,0,2812,0,0,0,1
0,0,24506,50,7,2,7,0,2,1,2,63132,2106,118244,0,2549,0,0,0,1
0,0,24506,50,7,2,7,0,2,1,2,0,2106,257970,25815,2549,0,35383,0,1
0,0,24506,50,7,2,7,0,2,1,2,438752,6062,186988,20117,4075,0,0,0,1
0,0,24506,50,7,2,7,0,2,1,2,158157,5694,248021,0,1330,0,0,0,1
1,0,24506,50,7,2,7,0,2,1,2,299367,230,68610,0,5787,0,0,17908,1
0,0,24506,50,7,2,7,0,2,1,2,106081,3097,29731,15388,5035,0,0,752,1
0,0,24506,50,7,2,7,0,2,1,2,0,2106,44342,92327,2549,103992,33390,0,1
0,0,24506,50,7,2,7,0,2,1,2,403187,3097,215214,8928,5035,32685,18876,752,1
0,0,24506,50,7,2,7,0,2,1,2,341091,2702,223080,0,0,0,0,0,1
0,0,24506,50,7,2,7,0,2,1,2,104296,3097,202576,81461,5035,0,0,32337,1
0,0,24506,50,7,2,7,0,2,1,2,186574,6444,154873,38824,2915,0,0,0,1
0,0,24506,50,7,2,7,0,2,1,2,440066,230,67259,92327,5787,0,33390,0,1
0,0,24506,50,7,2,7,0,2,1,2,390869,728,111375,0,1198,0,0,0,1
1,0,24506,50,7,2,7,0,2,1,2,272302,230,25957,61206,5787,0,0,0,1
0,0,24506,50,7,2,7,0,2,1,2,387968,6322,229513,4865,0,0,0,0,1
0,0,24506,50,7,2,7,0,2,1,2,0,4468,156700,41295,1480,0,0,25332,1
1,0,24506,50,7,2,7,0,2,1,2,302995,5694,131119,0,1330,52895,0,0,1
0,0,24506,50,7,2,7,0,2,1,2,0,3097,242120,31933,5035,76169,26500,990,1
0,0,24506,50,7,2,7,0,2,1,2,0,6134,108418,4297,3994,0,7649,3860,1
0,0,24506,50,7,2,7,0,2,1,2,0,6444,108428,64469,2915,54192,14074,5388,1
0,0,24506,50,7,2,7,0,2,1,2,0,3097,8502,31933,5035,0,26500,990,1
0,0,24506,50,7,2,7,0,2,1,2,29242,4468,253040,32116,1480,0,0,25332,1
0,0,24506,50,7,2,7,0,2,1,2,0,4764,0,0,0,0,0,0,1
0,0,24506,50,7,2,7,0,2,1,2,132183,2106,167708,61206,2549,0,0,0,1
0,0,24506,50,7,2,7,0,2,1,2,122813,6444,86526,91649,2915,0,0,20603,1
0,0,24506,50,7,2,7,0,2,1,2,213720,6444,43885,0,2915,0,0,22814,1
0,0,24506,50,7,2,7,0,2,1,2,399188,3564,7097,33573,0,0,0,0,1
0,0,24506,50,7,2,7,0,2,1,2,44278,6411,109726,16747,0,0,0,0,1
1,0,24506,50,7,2,7,0,2,1,2,197195,6444,245151,50634,2915,0,0,23144,1
0,0,24506,50,7,2,7,0,2,1,2,0,3549,0,0,2844,0,0,0,1
0,0,24506,50,7,2,7,0,2,1,2,149915,3564,145867,19690,0,0,0,0,1
0,0,24506,50,7,2,7,0,2,1,2,79996,6134,205394,47666,3994,83363,0,30282,1
0,0,24506,50,7,2,7,0,2,1,2,0,6134,95733,64469,3994,47015,14074,30282,1
0,0,24506,50,7,2,7,0,2,1,2,0,6444,65448,15486,2915,0,0,29192,1
0,0,24506,50,7,2,7,0,2,1,2,95706,2204,17535,63828,0,0,0,0,1
0,0,24506,50,7,2,7,0,2,1,2,0,1913,0,79854,4074,0,1873,0,1
0,0,24506,50,7,2,7,0,2,1,2,321882,6444,62367,25361,2915,0,0,0,1
0,0,24506,50,7,2,7,0,2,1,2,195325,230,90975,55177,5787,0,6958,0,1
0,0,24506,50,7,2,7,0,2,1,2,0,6444,0,64469,2915,0,14074,0,1
0,0,24506,50,7,2,7,0,2,1,2,96630,4939,186395,20465,0,0,0,0,1
0,0,24506,50,7,2,7,0,2,1,2,409909,5694,150705,0,1330,76654,0,0,1
0,0,24506,50,7,2,7,0,2,1,2,418278,5853,33472,102988,1705,0,0,0,1
0,0,24506,50,7,2,7,0,2,1,2,0,6444,53410,92327,2915,99225,33390,0,1
0,0,24506,50,7,2,7,0,2,1,2,0,2691,53410,92327,2258,99225,33390,0,1
0,0,24506,50,7,2,7,0,2,1,2,309058,6134,14315,0,3994,66944,0,0,1
0,0,24506,50,7,2,7,0,2,1,2,35761,1913,4767,94681,4074,0,0,18559,1
0,0,24506,50,7,2,7,0,2,1,2,77713,2106,219542,103839,2549,0,0,0,1
0,0,24506,50,7,2,7,0,2,1,2,0,6444,95733,64469,2915,47015,14074,0,1
0,0,24506,50,7,2,7,0,2,1,2,70407,1913,138033,69879,4074,78915,15220,18559,1
0,0,24506,50,7,2,7,0,2,1,2,37746,728,116117,102368,1198,0,0,0,1
0,0,24506,50,7,2,7,0,2,1,2,246741,5261,1367,0,0,0,0,0,1
0,0,24506,50,7,2,7,0,2,1,2,0,5541,65086,0,1553,0,0,0,1
0,0,24506,50,7,2,7,0,2,1,2,432932,230,83318,0,5787,0,0,25901,1
0,0,24506,50,7,2,7,0,2,1,2,303956,4673,61436,0,0,0,0,0,1
0,0,24506,50,7,2,7,0,2,1,2,368689,2106,253021,18765,2549,0,0,0,1
0,0,24506,50,7,2,7,0,2,1,2,10362,5541,170809,0,1553,0,0,0,1
0,0,24506,50,7,2,7,0,2,1,2,289686,2106,247764,0,2549,0,0,0,1
0,0,24506,50,7,2,7,0,2,1,2,0,1913,0,79854,4074,0,1873,0,1
0,0,24506,50,7,2,7,0,2,1,2,105348,1420,229513,4865,0,0,0,0,1
0,0,24506,50,7,2,7,0,2,1,2,315941,5541,219883,57634,1553,0,0,0,1
0,0,24506,50,7,2,7,0,2,1,2,0,6444,0,64469,2915,0,14074,0,1
0,0,24506,50,7,2,7,0,2,1,2,0,5971,121419,92603,739,69003,46330,0,1
0,0,24506,50,7,2,7,0,2,1,2,53338,424,137779,17494,0,0,0,0,1
0,0,24506,50,7,2,7,0,2,1,2,94158,5261,53919,0,0,0,0,0,1
0,0,24506,50,7,2,7,0,2,1,2,0,5921,0,0,4869,0,0,0,1
0,0,24506,50,7,2,7,0,2,1,2,0,5261,53802,16044,0,0,41597,0,1
0,0,24506,50,7,2,7,0,2,1,2,184856,5915,23738,79854,16,0,1873,0,1
0,0,24506,50,7,2,7,0,2,1,2,362694,2106,59489,30143,2549,0,0,0,1
0,0,24506,50,7,2,7,0,2,1,2,345793,4468,147264,60548,1480,0,0,25332,1
0,0,24506,50,7,2,7,0,2,1,2,0,230,147495,92603,5787,0,46330,0,1
0,0,24506,50,7,2,7,0,2,1,2,360143,5694,193267,0,1330,0,0,0,1
0,0,24506,50,7,2,7,0,2,1,2,0,6444,53410,92327,2915,99225,33390,0,1
0,0,24506,50,7,2,7,0,2,1,2,0,3849,143562,0,3199,0,0,15669,1
0,0,24506,50,7,2,7,0,2,1,2,345167,5915,39010,73924,16,0,0,0,1
0,0,24506,50,7,2,7,0,2,1,2,452012,5541,183868,79854,1553,0,1873,0,1
0,0,24506,50,7,2,7,0,2,1,2,0,2691,53410,92327,2258,99225,33390,0,1
0,0,24506,50,7,2,7,0,2,1,2,309058,6134,14315,0,3994,66944,0,0,1
0,0,24506,50,7,2,7,0,2,1,2,445471,1484,151707,84239,1279,0,3470,0,1
0,0,24506,50,7,2,7,0,2,1,2,135266,3564,108191,0,0,0,0,0,1
0,0,24506,50,7,2,7,0,2,1,2,202276,5541,158410,0,1553,0,0,0,1
0,0,24506,50,7,2,7,0,2,1,2,2548,6444,179524,0,2915,0,0,24973,1
0,0,24506,50,7,2,7,0,2,1,2,0,2691,76475,12225,2258,0,0,0,1
0,0,24506,50,7,2,7,0,2,1,2,380889,3372,89431,34506,2764,0,0,0,1
0,0,24506,50,7,2,7,0,2,1,2,59185,6444,174594,10984,2915,0,0,20603,1
0,0,24506,50,7,2,7,0,2,1,2,351365,6134,90975,28231,3994,0,0,26215,1
0,0,24506,50,7,2,7,0,2,1,2,0,230,121419,78566,5787,69003,31886,0,1
0,0,24506,50,7,2,7,0,2,1,2,213831,6062,51172,12498,4075,0,48004,0,1
0,0,24506,50,7,2,7,0,2,1,2,415561,6444,245151,50634,2915,0,0,22544,1
0,0,24506,50,7,2,7,0,2,1,2,0,1913,92154,0,4074,0,0,0,1
0,0,24506,50,7,2,7,0,2,1,2,119269,4764,33530,0,0,0,0,0,1
0,0,24506,50,7,2,7,0,2,1,2,343158,4187,73995,0,718,0,0,0,1
0,0,24506,50,7,2,7,0,2,1,2,84013,1484,206808,0,1279,0,0,0,1
0,0,24506,50,7,2,7,0,2,1,2,0,5853,95733,0,1705,47015,0,0,1
0,0,24506,50,7,2,7,0,2,1,2,0,2691,121419,0,2258,69003,0,0,1
0,0,24506,50,7,2,7,0,2,1,2,0,2691,0,48851,2258,0,0,0,1
0,0,24506,50,7,2,7,0,2,1,2,120704,2702,175745,65338,0,0,0,0,1
0,0,24506,50,7,2,7,0,2,1,2,41798,692,8176,29376,2812,0,0,4070,1
0,0,24506,50,7,2,7,0,2,1,2,402985,230,249802,29085,5787,0,25556,17908,1
0,0,24506,50,7,2,7,0,2,1,2,335912,5261,145369,0,0,0,0,0,1
1,0,24506,50,7,2,7,0,2,1,2,0,5971,121419,0,739,69003,0,0,1
0,0,24506,50,7,2,7,0,2,1,2,156909,2106,73899,57623,2549,0,0,0,1
0,0,24506,50,7,2,7,0,2,1,2,461575,5468,125177,0,2251,0,0,0,1
1,0,24506,50,7,2,7,0,2,1,2,0,2691,121419,14599,2258,69003,13654,0,1
0,0,24506,50,7,2,7,0,2,1,2,236883,5541,255022,0,1553,0,0,0,1
0,0,24506,50,7,2,7,0,2,1,2,0,2691,121419,92603,2258,69003,46330,0,1
0,0,24506,50,7,2,7,0,2,1,2,0,1913,0,79854,4074,0,1873,0,1
0,0,24506,50,7,2,7,0,2,1,2,149919,2903,163649,0,0,0,0,0,1
0,0,24506,50,7,2,7,0,2,1,2,0,2691,99486,92603,2258,46764,46330,0,1
0,0,24506,50,7,2,7,0,2,1,2,437447,958,212246,44123,0,0,0,0,1
0,0,24506,50,7,2,7,0,2,1,2,350813,608,229513,4865,0,0,0,0,1
0,0,24506,50,7,2,7,0,2,1,2,0,5261,26766,22089,0,0,0,0,1
0,0,24506,50,7,2,7,0,2,1,2,245532,2106,215203,0,2549,0,0,0,1
0,0,24506,50,7,2,7,0,2,1,2,19163,4258,243640,26834,758,0,0,0,1
0,0,24506,50,7,2,7,0,2,1,2,0,5915,67628,0,16,0,0,1276,1
0,0,24506,50,7,2,7,0,2,1,2,412586,5261,62334,0,0,0,0,0,1
0,0,24506,50,7,2,7,0,2,1,2,14622,5694,73017,79854,1330,2928,1873,0,1
0,0,24506,50,7,2,7,0,2,1,2,332569,5694,73017,79854,1330,2928,1873,0,1
0,0,24506,50,7,2,7,0,2,1,2,409909,5694,150705,0,1330,76654,0,0,1
0,0,24506,50,7,2,7,0,2,1,2,0,6134,53410,92327,3994,99225,33390,26215,1
0,0,24506,50,7,2,7,0,2,1,2,0,5971,51695,92327,739,0,33390,0,1
0,0,24506,50,7,2,7,0,2,1,2,0,4453,44342,92327,3001,103992,33390,0,1
0,0,24506,50,7,2,7,0,2,1,2,0,6444,53410,92327,2915,99225,33390,0,1
0,0,24506,50,7,2,7,0,2,1,2,116808,1733,26989,69015,2135,0,0,24303,1
0,0,24506,50,7,2,7,0,2,1,2,0,3233,53410,92327,4390,99225,33390,0,1
0,0,24506,50,7,2,7,0,2,1,2,0,2691,53410,92327,2258,99225,33390,0,1
0,0,24506,50,7,2,7,0,2,1,2,0,6134,49202,4297,3994,0,7649,26215,1
0,0,24506,50,7,2,7,0,2,1,2,287049,470,124361,69953,0,0,0,0,1
0,0,24506,50,7,2,7,0,2,1,2,220096,6444,241828,0,2915,0,0,0,1
0,0,24506,50,7,2,7,0,2,1,2,368672,230,245536,0,5787,0,0,17908,1
0,0,24506,50,7,2,7,0,2,1,2,0,2691,51695,92327,2258,0,33390,0,1
0,0,24506,50,7,2,7,0,2,1,2,237722,6062,250581,53251,4075,79364,42309,0,1
0,0,24506,50,7,2,7,0,2,1,2,339267,6809,153847,0,0,0,0,0,1
0,0,24506,50,7,2,7,0,2,1,2,0,6444,245151,50634,2915,0,0,22544,1
0,0,24506,50,7,2,7,0,2,1,2,244129,2691,15307,79854,2258,0,1873,0,1
0,0,24506,50,7,2,7,0,2,1,2,275422,3645,1663,23003,0,0,33702,0,1
0,0,24506,50,7,2,7,0,2,1,2,0,230,53994,0,5787,0,0,0,1
0,0,24506,50,7,2,7,0,2,1,2,293444,2065,8917,4200,0,0,0,0,1
0,0,24506,50,7,2,7,0,2,1,2,0,2691,121419,55177,2258,69003,6958,0,1
0,0,24506,50,7,2,7,0,2,1,2,0,2691,121419,92603,2258,69003,46330,0,1
0,0,24506,50,7,2,7,0,2,1,2,0,1913,0,79854,4074,0,1873,0,1
0,0,24506,50,7,2,7,0,2,1,2,0,4242,73519,36492,2568,0,0,0,1
0,0,24506,50,7,2,7,0,2,1,2,0,2691,99486,92603,2258,46764,46330,0,1
0,0,24506,50,7,2,7,0,2,1,2,0,6062,63957,20117,4075,0,0,0,1
0,0,24506,50,7,2,7,0,2,1,2,0,6444,73519,73930,2915,0,32306,0,1
0,0,24506,50,7,2,7,0,2,1,2,0,6444,0,64469,2915,0,14074,0,1
0,0,24506,50,7,2,7,0,2,1,2,49454,6062,254659,19346,4075,0,0,0,1
0,0,24506,50,7,2,7,0,2,1,2,184061,5694,73017,79854,1330,2928,1873,0,1
0,0,24506,50,7,2,7,0,2,1,2,380251,230,118630,0,5787,0,0,0,1
0,0,24506,50,7,2,7,0,2,1,2,65502,2106,73519,0,2549,0,0,0,1
1,0,24506,50,7,2,7,0,2,1,2,185406,2691,203111,84239,2258,0,3470,0,1
0,0,24506,50,7,2,7,0,2,1,2,0,6444,53410,92327,2915,99225,33390,0,1
0,0,24506,50,7,2,7,0,2,1,2,0,5971,73519,0,739,0,0,0,1
0,0,24506,50,7,2,7,0,2,1,2,0,2691,53410,92327,2258,99225,33390,0,1
0,0,24506,50,7,2,7,0,2,1,2,88176,2106,37458,53974,2549,0,0,0,1
0,0,24506,50,7,2,7,0,2,1,2,0,6444,73519,0,2915,0,0,20603,1
0,0,24506,50,7,2,7,0,2,1,2,0,230,73519,0,5787,0,0,0,1
0,0,24506,50,7,2,7,0,2,1,2,0,5261,73519,0,0,0,0,0,1
0,0,24506,50,7,2,7,0,2,1,2,0,5853,73519,70992,1705,0,0,0,1
0,0,24506,50,7,2,7,0,2,1,2,80085,1913,73519,0,4074,0,0,33181,1
0,0,24506,50,7,2,7,0,2,1,2,0,1484,73519,0,1279,0,0,0,1
0,0,24506,50,7,2,7,0,2,1,2,210424,4187,204132,53421,718,28150,0,0,1
0,0,24506,50,7,2,7,0,2,1,2,337975,2691,100270,84239,2258,14919,3470,15669,1
0,0,24506,50,7,2,7,0,2,1,2,0,3233,73519,0,4390,0,0,0,1
0,0,24506,50,7,2,7,0,2,1,2,0,2346,73519,0,2589,0,0,0,1
1,0,24506,50,7,2,7,0,2,1,2,0,2346,73519,0,2589,0,0,0,1
1,0,24506,50,7,2,7,0,2,1,2,312883,6444,73519,0,2915,0,0,0,1
0,0,24506,50,7,2,7,0,2,1,2,0,2691,247939,92603,2258,79275,46330,0,1
0,0,24506,50,7,2,7,0,2,1,2,352081,230,73519,0,5787,0,0,0,1
0,0,24506,50,7,2,7,0,2,1,2,21544,5412,21996,32566,5420,0,0,0,1
0,0,24506,50,7,2,7,0,2,1,2,302909,424,81035,0,0,0,0,0,1
0,0,24506,50,7,2,7,0,2,1,2,410739,6471,171415,0,0,0,0,0,1
0,0,24506,50,7,2,7,0,2,1,2,56616,424,157486,57320,0,0,0,0,1
0,0,24506,50,7,2,7,0,2,1,2,290387,2106,158269,0,2549,0,0,0,1
0,0,24506,50,7,2,7,0,2,1,2,268095,2204,240065,95943,0,0,0,0,1
0,0,24506,50,7,2,7,0,2,1,2,333455,424,261921,0,0,0,0,0,1
0,0,24506,50,7,2,7,0,2,1,2,194275,424,43717,16101,0,0,0,0,1
0,0,24506,50,7,2,7,0,2,1,2,0,2691,121419,92603,2258,69003,46330,0,1
0,0,24506,50,7,2,7,0,2,1,2,0,1913,0,79854,4074,0,1873,0,1
0,0,24506,50,7,2,7,0,2,1,2,461247,248,254295,75377,0,0,0,0,1
0,0,24506,50,7,2,7,0,2,1,2,0,2691,59432,55177,2258,34046,6958,0,1
0,0,24506,50,7,2,7,0,2,1,2,0,2691,121419,92603,2258,69003,46330,0,1
0,0,24506,50,7,2,7,0,2,1,2,0,6444,0,64469,2915,0,14074,0,1
0,0,24506,50,7,2,7,0,2,1,2,0,6444,121419,92603,2915,69003,46330,0,1
0,0,24506,50,7,2,7,0,2,1,2,390123,5915,242169,85526,16,0,0,1276,1
0,0,24506,50,7,2,7,0,2,1,2,450936,3849,27566,0,3199,0,0,0,1
0,0,24506,50,7,2,7,0,2,1,2,0,6062,142282,12498,4075,0,48004,0,1
0,0,24506,50,7,2,7,0,2,1,2,316652,2106,157813,0,2549,0,0,0,1
0,0,24506,50,7,2,7,0,2,1,2,410561,424,215147,61739,0,0,0,976,1
0,0,24506,50,7,2,7,0,2,1,2,367114,2106,147687,0,2549,0,0,0,1
0,0,24506,50,7,2,7,0,2,1,2,0,6444,53410,92327,2915,99225,33390,0,1
0,0,24506,50,7,2,7,0,2,1,2,104876,2106,245093,0,2549,75478,0,0,1
0,0,24506,50,7,2,7,0,2,1,2,164250,230,45121,0,5787,0,0,25901,1
0,0,24506,50,7,2,7,0,2,1,2,217814,3849,125841,27814,3199,0,0,0,1
0,0,24506,50,7,2,7,0,2,1,2,0,230,155602,0,5787,0,0,17908,1
0,0,24506,50,7,2,7,0,2,1,2,0,2691,53410,92327,2258,99225,33390,0,1
0,0,24506,50,7,2,7,0,2,1,2,0,6889,74980,66850,2490,0,0,0,1
0,0,24506,50,7,2,7,0,2,1,2,339723,230,94772,0,5787,0,0,25901,1
0,0,24506,50,7,2,7,0,2,1,2,75707,3849,167331,0,3199,0,0,0,1
0,0,24506,50,7,2,7,0,2,1,2,0,5915,122371,33888,16,0,0,0,1
0,0,24506,50,7,2,7,0,2,1,2,424419,1489,167370,84639,0,0,0,0,1
0,0,24506,50,7,2,7,0,2,1,2,364231,5971,17646,28896,739,67527,15705,0,1
0,0,24506,50,7,2,7,0,2,1,2,121792,4965,237147,46638,0,0,0,0,1
0,0,24506,50,7,2,7,0,2,1,2,429152,230,73381,0,5787,0,0,0,1
0,0,24506,50,7,2,7,0,2,1,2,280351,6444,25699,92327,2915,72117,33390,0,1
0,0,24506,50,7,2,7,0,2,1,2,0,5853,123084,25815,1705,82173,35383,0,1
0,0,24506,50,7,2,7,0,2,1,2,0,2691,121419,87668,2258,69003,0,0,1
0,0,24506,50,7,2,7,0,2,1,2,0,2691,121419,87668,2258,69003,0,0,1
0,0,24506,50,7,2,7,0,2,1,2,19426,424,36293,66542,0,0,0,0,1
0,0,24506,50,7,2,7,0,2,1,2,0,2691,221875,36080,2258,0,0,0,1
0,0,24506,50,7,2,7,0,2,1,2,301715,2691,59170,41216,2258,0,0,0,1
0,0,24506,50,7,2,7,0,2,1,2,0,424,114350,16101,0,0,0,0,1
0,0,24506,50,7,2,7,0,2,1,2,167597,5915,71334,46672,16,0,0,1276,1
0,0,24506,50,7,2,7,0,2,1,2,61422,3849,27345,80038,3199,0,0,15669,1
0,0,24506,50,7,2,7,0,2,1,2,266413,5547,239121,0,3281,0,0,0,1
0,0,24506,50,7,2,7,0,2,1,2,434294,6617,40195,0,3889,0,0,0,1
0,0,24506,50,7,2,7,0,2,1,2,84124,2691,33866,0,2258,0,0,0,1
0,0,24506,50,7,2,7,0,2,1,2,0,2691,121419,92603,2258,69003,46330,0,1
0,0,24506,50,7,2,7,0,2,1,2,0,1913,0,79854,4074,0,1873,0,1
0,0,24506,50,7,2,7,0,2,1,2,0,2691,99486,92603,2258,46764,46330,0,1
0,0,24506,50,7,2,7,0,2,1,2,370584,3849,197347,49326,3199,0,0,0,1
0,0,24506,50,7,2,7,0,2,1,2,0,2691,99486,73941,2258,46764,0,0,1
0,0,24506,50,7,2,7,0,2,1,2,437695,424,179273,40623,0,0,0,0,1
0,0,24506,50,7,2,7,0,2,1,2,0,6444,0,64469,2915,0,14074,0,1
0,0,24506,50,7,2,7,0,2,1,2,322138,424,48493,16101,0,0,0,0,1
1,0,24506,50,7,2,7,0,2,1,2,454740,2691,225134,0,2258,0,0,0,1
0,0,24506,50,7,2,7,0,2,1,2,360996,5915,148245,0,16,0,0,0,1
0,0,24506,50,7,2,7,0,2,1,2,382200,5915,170324,0,16,0,0,1276,1
0,0,24506,50,7,2,7,0,2,1,2,0,230,147940,26418,5787,0,0,0,1
0,0,24506,50,7,2,7,0,2,1,2,264216,230,82098,0,5787,0,0,21472,1
0,0,24506,50,7,2,7,0,2,1,2,421862,424,153502,16101,0,0,0,0,1
0,0,24506,50,7,2,7,0,2,1,2,0,2691,99486,78566,2258,46764,31886,0,1
0,0,24506,50,7,2,7,0,2,1,2,100625,728,1946,51435,1198,0,0,0,1
0,0,24506,50,7,2,7,0,2,1,2,442002,2106,163878,0,2549,0,0,0,1
0,0,24506,50,7,2,7,0,2,1,2,0,6062,20063,12498,4075,0,48004,0,1
0,0,24506,50,7,2,7,0,2,1,2,422337,5915,85057,68397,16,0,0,0,1
0,0,24506,50,7,2,7,0,2,1,2,192376,6889,160695,11484,2490,25917,6856,0,1
0,0,24506,50,7,2,7,0,2,1,2,211569,3849,121323,16101,3199,0,0,0,1
0,0,24506,50,7,2,7,0,2,1,2,144700,424,243280,16101,0,0,0,0,1
0,0,24506,50,7,2,7,0,2,1,2,0,6444,53410,92327,2915,99225,33390,0,1
0,0,24506,50,7,2,7,0,2,1,2,38870,2106,101738,28934,2549,0,0,0,1
0,0,24506,50,7,2,7,0,2,1,2,0,2691,53410,92327,2258,99225,33390,0,1
0,0,24506,50,7,2,7,0,2,1,2,0,2691,121419,92603,2258,69003,46330,0,1
0,0,24506,50,7,2,7,0,2,1,2,0,230,88689,0,5787,83842,0,0,1
0,0,24506,50,7,2,7,0,2,1,2,411121,6444,112528,79267,2915,0,0,20603,1
0,0,24506,50,7,2,7,0,2,1,2,0,6444,82593,39047,2915,63238,18623,29192,1
0,0,24506,50,7,2,7,0,2,1,2,0,2106,217598,55177,2549,0,6958,0,1
0,0,24506,50,7,2,7,0,2,1,2,429704,5915,7126,7840,16,0,0,0,1
0,0,24506,50,7,2,7,0,2,1,2,320161,728,63848,37821,1198,0,0,0,1
0,0,24506,50,7,2,7,0,2,1,2,0,6444,121419,0,2915,69003,0,0,1
0,0,24506,50,7,2,7,0,2,1,2,0,6444,100270,32679,2915,14919,0,0,1
0,0,24506,50,7,2,7,0,2,1,2,456427,988,256451,65774,234,0,0,0,1
0,0,24506,50,7,2,7,0,2,1,2,149399,5725,260843,11429,0,0,0,0,1
0,0,24506,50,7,2,7,0,2,1,2,226087,3549,61544,25834,2844,0,0,0,1
0,0,24506,50,7,2,7,0,2,1,2,163956,1809,242247,94688,1568,0,0,0,1
0,0,24506,50,7,2,7,0,2,1,2,0,2691,143898,0,2258,0,0,15669,1
0,0,24506,50,7,2,7,0,2,1,2,75358,4939,52825,0,0,0,0,0,1
0,0,24506,50,7,2,7,0,2,1,2,0,230,253022,88380,5787,0,0,25901,1
0,0,24506,50,7,2,7,0,2,1,2,0,6134,22860,55177,3994,0,6958,0,1
0,0,24506,50,7,2,7,0,2,1,2,0,2691,121419,92603,2258,69003,46330,0,1
0,0,24506,50,7,2,7,0,2,1,2,0,1913,0,79854,4074,0,1873,0,1
0,0,24506,50,7,2,7,0,2,1,2,222085,5547,238531,39900,3281,0,0,0,1
0,0,24506,50,7,2,7,0,2,1,2,0,2691,138597,92603,2258,0,46330,0,1
0,0,24506,50,7,2,7,0,2,1,2,0,2691,99486,92603,2258,46764,46330,0,1
0,0,24506,50,7,2,7,0,2,1,2,259962,6062,33875,12498,4075,0,48004,0,1
0,0,24506,50,7,2,7,0,2,1,2,430362,1874,220205,0,4062,0,0,0,1
0,0,24506,50,7,2,7,0,2,1,2,449290,6471,44788,0,0,0,0,0,1
0,0,24506,50,7,2,7,0,2,1,2,122450,1079,67720,0,1619,0,0,0,1
0,0,24506,50,7,2,7,0,2,1,2,446561,3335,15097,102228,0,0,0,0,1
0,0,24506,50,7,2,7,0,2,1,2,118824,2691,52000,0,2258,0,0,15669,1
0,0,24506,50,7,2,7,0,2,1,2,462724,5547,206519,69374,3281,0,0,0,1
0,0,24506,50,7,2,7,0,2,1,2,434975,2106,225134,19847,2549,0,0,0,1
0,0,24506,50,7,2,7,0,2,1,2,224278,6617,90752,949,3889,0,0,0,1
0,0,24506,50,7,2,7,0,2,1,2,381024,2691,225134,0,2258,0,0,0,1
0,0,24506,50,7,2,7,0,2,1,2,63356,2691,25699,92327,2258,72117,33390,0,1
1,0,24506,50,7,2,7,0,2,1,2,81698,2106,225134,0,2549,0,0,0,1
0,0,24506,50,7,2,7,0,2,1,2,62196,5915,31310,33888,16,0,0,0,1
0,0,24506,50,7,2,7,0,2,1,2,398720,5971,255908,59932,739,0,10310,0,1
0,0,24506,50,7,2,7,0,2,1,2,333059,4468,109121,33098,1480,0,0,25332,1
0,0,24506,50,7,2,7,0,2,1,2,153770,6444,111508,84239,2915,0,3470,23144,1
0,0,24506,50,7,2,7,0,2,1,2,128078,6444,16954,0,2915,25632,0,24973,1
0,0,24506,50,7,2,7,0,2,1,2,335826,4645,42538,13889,0,0,40963,0,1
0,0,24506,50,7,2,7,0,2,1,2,0,2691,53410,92327,2258,99225,33390,0,1
0,0,24506,50,7,2,7,0,2,1,2,138541,5971,158075,57017,739,29869,33003,0,1
0,0,24506,50,7,2,7,0,2,1,2,451412,5468,225134,0,2251,0,0,6740,1
0,0,24506,50,7,2,7,0,2,1,2,312548,6444,49007,84239,2915,0,3470,24973,1
0,0,24506,50,7,2,7,0,2,1,2,272753,6444,49007,0,2915,0,0,22544,1
0,0,24506,50,7,2,7,0,2,1,2,30929,5915,143746,0,16,0,0,0,1
0,0,24506,50,7,2,7,0,2,1,2,20386,1818,58766,0,2874,0,0,0,1
0,0,24506,50,7,2,7,0,2,1,2,14972,1733,129472,0,2135,0,0,24303,1
0,0,24506,50,7,2,7,0,2,1,2,0,230,73519,0,5787,0,0,0,1
0,0,24506,50,7,2,7,0,2,1,2,0,6444,121419,78566,2915,69003,31886,0,1
0,0,116612,11,5,1,4,2,2,1,1,0,2027,194914,18794,1866,0,32403,24345,2
0,0,116612,11,5,1,4,2,2,1,1,366436,2183,56997,55218,5690,0,0,21575,2
0,0,116612,11,5,1,4,2,2,1,1,266401,3716,103655,70996,3449,0,12099,1292,2
0,0,116612,11,5,1,4,2,2,1,1,132157,2183,226247,75289,5690,0,0,21575,2
0,0,116612,11,5,1,4,2,2,1,1,392517,2183,50328,103191,5690,0,0,28837,2
0,0,116612,11,5,1,4,2,2,1,1,346909,1244,71197,92242,0,0,48392,0,2
0,0,116612,11,5,1,4,2,2,1,1,104917,2027,113362,25913,1866,0,37634,0,2
0,0,116612,11,5,1,4,2,2,1,1,96707,2183,54846,103128,5690,0,0,21575,2
0,0,116612,11,5,1,4,2,2,1,1,86620,3097,113998,0,5035,0,0,33043,2
0,0,116612,11,5,1,4,2,2,1,1,461137,6105,237197,13843,1959,0,6590,12633,2
0,0,116612,11,5,1,4,2,2,1,1,13933,6213,96225,105885,1599,0,0,16236,2
0,0,116612,11,5,1,4,2,2,1,1,398802,3716,225774,70996,3449,0,12099,6282,2
0,0,116612,11,5,1,4,2,2,1,1,88858,3716,46347,38031,3449,0,0,3950,2
0,0,116612,11,5,1,4,2,2,1,1,52056,3139,203621,30197,1854,0,0,0,2
0,0,116612,11,5,1,4,2,2,1,1,210254,6213,132861,46717,1599,31778,14250,18450,2
0,0,116612,11,5,1,4,2,2,1,1,341488,6213,885,478,1599,31419,6610,22039,2
0,0,116612,11,5,1,4,2,2,1,1,238846,6213,885,478,1599,31419,6610,16798,2
0,0,116612,11,5,1,4,2,2,1,1,53549,4327,118000,0,181,0,0,0,2
0,0,116612,11,5,1,4,2,2,1,1,225816,1913,53568,11527,0,0,0,0,2
0,0,116612,11,5,1,4,2,2,1,1,405025,5853,147965,0,1705,0,0,25985,2
0,0,116612,11,5,1,4,2,2,1,1,65861,3716,109704,0,3449,0,0,3950,2
0,0,116612,11,5,1,4,2,2,1,1,289740,5468,214315,0,0,0,0,0,2
0,0,116612,11,5,1,4,2,2,1,1,372728,3806,34413,0,1017,0,0,0,2
0,0,116612,11,5,1,4,2,2,1,1,110620,3806,142576,41248,1017,0,0,0,2
0,0,0,50,10,1,7,0,2,1,2,0,1422,12211,0,690,33491,0,26383,1
0,0,0,50,10,1,7,0,2,1,2,160090,230,129823,95063,5787,0,0,0,1
0,0,0,50,10,1,7,0,2,1,2,31753,3909,184550,0,949,65905,0,5520,1
0,0,0,50,10,1,7,0,2,1,2,0,1422,12211,0,690,33491,0,9061,1
0,0,0,50,10,1,7,0,2,1,2,374667,230,212413,0,5787,0,0,0,1
0,0,0,50,10,1,7,0,2,1,2,111869,1001,224407,83453,522,0,0,0,1
0,0,180874,21,7,2,7,2,2,1,2,260239,594,133869,18304,0,0,0,0,1
0,0,180874,21,7,2,7,2,2,1,2,0,2555,138210,78151,3366,0,0,0,1
0,0,180874,21,7,2,7,2,2,1,2,415833,2333,106048,62179,4346,0,0,1066,1
0,0,180874,21,7,2,7,2,2,1,2,408877,3683,151585,65826,0,0,0,0,1
1,0,180874,21,7,2,7,2,2,1,2,227863,6471,235908,0,0,0,0,0,1
0,0,180874,21,7,2,7,2,2,1,2,182395,2555,63981,50454,3366,0,43670,25485,1
0,0,180874,21,7,2,7,2,2,1,2,28698,5853,96685,39714,1705,0,0,0,1
0,0,180874,21,7,2,7,2,2,1,2,203006,5975,98711,74553,0,0,0,0,1
0,0,180874,21,7,2,7,2,2,1,2,434815,3283,207075,60661,0,0,0,0,1
0,0,180874,21,7,2,7,2,2,1,2,55290,2868,103591,64891,0,0,0,0,1
0,0,180874,21,7,2,7,2,2,1,2,622,3283,75309,72142,0,0,0,0,1
0,0,180874,21,7,2,7,2,2,1,2,113126,2998,228317,8646,0,0,0,0,1
0,0,180874,21,7,2,7,2,2,1,2,259157,2868,224087,18479,0,0,0,0,1
0,0,180874,21,7,2,7,2,2,1,2,178606,5481,63180,80642,4850,0,26391,0,1
0,0,180874,21,7,2,7,2,2,1,2,180585,2691,17990,0,2258,0,0,795,1
0,0,180874,21,7,2,7,2,2,1,2,0,2555,0,0,3366,0,0,0,1
0,0,180874,21,7,2,7,2,2,1,2,383855,2555,152568,85242,3366,0,0,25485,1
0,0,180874,21,7,2,7,2,2,1,2,263616,2555,232225,50454,3366,0,43670,0,1
0,0,180874,21,7,2,7,2,2,1,2,69984,5481,154137,80642,4850,0,26391,0,1
0,0,180874,21,7,2,7,2,2,1,2,49991,5481,200675,80642,4850,0,26391,0,1
0,0,180874,21,7,2,7,2,2,1,2,199825,2801,86270,48588,0,0,0,0,1
0,0,180874,21,7,2,7,2,2,1,2,244373,2691,237869,27379,2258,77709,8792,0,1
0,0,180874,21,7,2,7,2,2,1,2,386172,6134,112757,2094,3994,3368,38899,3860,1
0,0,180874,21,7,2,7,2,2,1,2,830,3097,101151,64827,5035,0,0,0,1
0,0,180874,21,7,2,7,2,2,1,2,486,4088,166224,88094,713,0,30712,0,1
0,0,180874,21,7,2,7,2,2,1,2,213077,1733,202166,0,2135,70956,0,28732,1
0,0,180874,21,7,2,7,2,2,1,2,179648,4088,81254,67845,713,0,0,19740,1
0,0,180874,21,7,2,7,2,2,1,2,149422,1733,160081,0,2135,101268,0,13115,1
0,0,180874,21,7,2,7,2,2,1,2,17894,2333,167910,16931,4346,43197,31444,31325,1
0,0,180874,21,7,2,7,2,2,1,2,441746,5853,140784,28234,1705,0,0,0,1
1,0,180874,21,7,2,7,2,2,1,2,378314,1733,88163,43919,2135,38486,44078,26947,1
0,0,180874,21,7,2,7,2,2,1,2,0,1733,37708,0,2135,0,0,31274,1
0,0,180874,21,7,2,7,2,2,1,2,444648,1733,142455,0,2135,0,0,24704,1
0,0,180874,21,7,2,7,2,2,1,2,434001,4088,198694,0,713,0,0,0,1
0,0,180874,21,7,2,7,2,2,1,2,74006,1733,238517,78343,2135,0,0,10883,1
0,0,180874,21,7,2,7,2,2,1,2,437524,1733,252187,28462,2135,78903,36177,13115,1
1,0,180874,21,7,2,7,2,2,1,2,0,1733,74533,0,2135,94629,0,32071,1
0,0,180874,21,7,2,7,2,2,1,2,114605,2555,64988,70528,3366,0,0,25485,1
0,0,180874,21,7,2,7,2,2,1,2,456685,2691,246344,84696,2258,0,0,0,1
0,0,180874,21,7,2,7,2,2,1,2,311998,5043,196191,55518,0,0,0,0,1
0,0,180874,21,7,2,7,2,2,1,2,444136,6712,130915,4718,0,0,0,0,1
0,0,180874,21,7,2,7,2,2,1,2,375691,6471,109998,3811,0,0,0,0,1
0,0,180874,21,7,2,7,2,2,1,2,339685,2333,63203,0,4346,0,0,5673,1
0,0,180874,21,7,2,7,2,2,1,2,47336,2555,181585,10529,3366,0,0,0,1
0,0,180874,21,7,2,7,2,2,1,2,446279,55,196492,11072,0,0,0,0,1
0,0,180874,21,7,2,7,2,2,1,2,291669,2564,229513,4865,0,0,0,0,1
0,0,180874,21,7,2,7,2,2,1,2,305707,6712,3740,64847,0,0,0,0,1
0,0,180874,21,7,2,7,2,2,1,2,446927,3283,185619,25913,0,0,0,0,1
0,0,180874,21,7,2,7,2,2,1,2,253756,6471,77158,0,0,0,0,0,1
0,0,180874,21,7,2,7,2,2,1,2,303517,5481,51911,32250,4850,0,23344,0,1
0,0,180874,21,7,2,7,2,2,1,2,184477,4088,198282,97556,713,0,0,17615,1
0,0,180874,21,7,2,7,2,2,1,2,251017,5756,40602,28016,0,0,0,0,1
0,0,180874,21,7,2,7,2,2,1,2,426547,6712,3740,64847,0,0,0,0,1
0,0,180874,21,7,2,7,2,2,1,2,150040,1733,108399,0,2135,0,0,24704,1
0,0,180874,21,7,2,7,2,2,1,2,156474,1733,33885,80273,2135,0,0,24704,1
1,0,180874,21,7,2,7,2,2,1,2,350184,511,149726,83975,0,0,0,0,1
0,0,180874,21,7,2,7,2,2,1,2,194598,1733,205514,2084,2135,0,0,25018,1
0,0,180874,21,7,2,7,2,2,1,2,61921,3683,225410,58402,0,0,0,0,1
0,0,180874,21,7,2,7,2,2,1,2,213077,1733,202166,0,2135,70956,0,14308,1
0,0,180874,21,7,2,7,2,2,1,2,149422,1733,160081,0,2135,101268,0,13115,1
0,0,180874,21,7,2,7,2,2,1,2,412572,1733,76794,0,2135,0,0,28732,1
0,0,180874,21,7,2,7,2,2,1,2,304185,1733,160081,70685,2135,101268,18938,25018,1
0,0,180874,21,7,2,7,2,2,1,2,0,1733,160081,43919,2135,101268,44078,31274,1
0,0,180874,21,7,2,7,2,2,1,2,0,1733,37708,0,2135,0,0,25018,1
0,0,180874,21,7,2,7,2,2,1,2,174224,4088,236727,0,713,0,0,17615,1
0,0,180874,21,7,2,7,2,2,1,2,229228,1733,234403,41156,2135,0,0,28732,1
0,0,180874,21,7,2,7,2,2,1,2,22245,4088,174350,0,713,0,0,17615,1
0,0,180874,21,7,2,7,2,2,1,2,334350,1733,118868,70685,2135,0,18938,6310,1
0,0,0,63,6,2,1,1,3,1,0,394645,4089,254345,26949,2809,0,0,0,2
0,0,0,63,6,2,1,1,3,1,0,0,4089,0,26999,2809,0,20558,0,2
0,0,0,63,6,2,1,1,3,1,0,155934,6471,202876,52857,0,0,0,0,2
0,0,46273,50,10,1,7,0,2,1,1,298264,4764,228283,0,3291,0,0,21021,2
0,0,46273,50,10,1,7,0,2,1,1,10323,6295,205447,44601,2421,0,0,2582,2
0,0,46273,50,10,1,7,0,2,1,1,137520,2824,160600,1890,2476,0,0,30646,2
0,0,46273,50,10,1,7,0,2,1,1,423039,5191,230476,51642,694,14300,15453,34336,2
0,0,46273,50,10,1,7,0,2,1,1,51542,4764,113436,64879,3291,98165,42303,31987,2
0,0,46273,50,10,1,7,0,2,1,1,211929,4444,111909,54449,0,0,0,0,2
0,0,46273,50,10,1,7,0,2,1,1,175531,4444,36404,31773,0,0,0,0,2
0,0,46273,50,10,1,7,0,2,1,1,306416,2824,229048,24105,2476,5944,27666,18300,2
0,0,46273,50,10,1,7,0,2,1,1,270224,2824,229048,24105,2476,5944,27666,18300,2
0,0,46273,50,10,1,7,0,2,1,1,109082,5191,138430,44187,694,0,0,5977,2
0,0,46273,50,10,1,7,0,2,1,1,49355,6518,263424,68040,2977,0,25490,0,2
0,0,46273,50,10,1,7,0,2,1,1,449627,2187,101688,44944,1061,0,37871,19111,2
0,0,46273,50,10,1,7,0,2,1,1,432692,2187,34761,44944,1061,11708,37871,19111,2
0,0,46273,50,10,1,7,0,2,1,1,0,2824,32188,0,2476,77172,0,17826,2
0,0,46273,50,10,1,7,0,2,1,1,153731,2824,24684,10100,2476,0,0,25351,2
0,0,46273,50,10,1,7,0,2,1,1,0,2824,25998,73570,2476,4154,10381,21284,2
0,0,46273,50,10,1,7,0,2,1,1,364326,2903,166430,19125,1670,0,0,0,2
0,0,46273,50,10,1,7,0,2,1,1,415412,6044,2915,101194,398,0,0,0,2
0,0,46273,50,10,1,7,0,2,1,1,0,6044,36932,82968,398,0,0,32962,2
0,0,46273,50,10,1,7,0,2,1,1,0,5191,21554,59090,694,0,13136,0,2
0,0,46273,50,10,1,7,0,2,1,1,340881,3131,16534,60912,1646,0,0,11597,2
0,0,46273,50,10,1,7,0,2,1,1,133461,2187,256031,101583,1061,0,32164,22823,2
0,0,46273,50,10,1,7,0,2,1,1,248599,1662,247253,70003,4304,42290,36076,0,2
0,0,46273,50,10,1,7,0,2,1,1,287250,1397,143480,83740,0,0,0,0,2
0,0,46273,50,10,1,7,0,2,1,1,361194,1799,229513,4865,2936,33657,31361,0,2
0,0,46273,50,10,1,7,0,2,1,1,443942,2903,135210,0,1670,0,0,0,2
0,0,46273,50,10,1,7,0,2,1,1,24798,1733,61826,0,2135,0,0,0,2
0,0,46273,50,10,1,7,0,2,1,1,27425,3592,259030,9179,4201,0,0,0,2
0,0,46273,50,10,1,7,0,2,1,1,247244,2187,199557,44944,1061,0,37871,3881,2
0,0,46273,50,10,1,7,0,2,1,1,452762,2824,211384,88669,2476,0,0,18300,2
0,0,46273,50,10,1,7,0,2,1,1,352653,4764,163921,0,3291,0,0,31987,2
0,0,46273,50,10,1,7,0,2,1,1,293181,1655,230476,51642,1725,14300,15453,0,2
0,0,46273,50,10,1,7,0,2,1,1,198298,3131,116321,102261,1646,0,0,8934,2
0,0,46273,50,10,1,7,0,2,1,1,435612,5756,43617,21383,4744,0,0,0,2
0,0,46273,50,10,1,7,0,2,1,1,17923,3131,97375,0,1646,35801,0,8934,2
0,0,46273,50,10,1,7,0,2,1,1,187256,5191,196758,84214,694,67026,40017,23554,2
0,0,46273,50,10,1,7,0,2,1,1,387840,6631,110677,0,2667,0,0,16465,2
0,0,46273,50,10,1,7,0,2,1,1,445965,2903,211850,1812,1670,0,0,0,2
0,0,46273,50,10,1,7,0,2,1,1,271389,6631,169196,93531,2667,0,0,22294,2
0,0,46273,50,10,1,7,0,2,1,1,443913,4764,107213,34808,3291,86226,39307,31987,2
0,0,46273,50,10,1,7,0,2,1,1,89845,6592,17953,51642,5225,0,15453,0,2
0,0,46273,50,10,1,7,0,2,1,1,12096,2903,61237,18114,1670,0,0,0,2
0,0,46273,50,10,1,7,0,2,1,1,195583,4502,34743,88418,3570,0,0,0,2
0,0,46273,50,10,1,7,0,2,1,1,228836,1662,231524,9371,4304,0,0,0,2
0,0,46273,50,10,1,7,0,2,1,1,120463,1694,260014,28257,0,0,48856,0,2
0,0,46273,50,10,1,7,0,2,1,1,291926,5181,104678,10572,0,0,0,0,2
0,0,46273,50,10,1,7,0,2,1,1,0,5810,0,1387,2620,0,0,0,2
0,0,46273,50,10,1,7,0,2,1,1,387432,3592,121928,32097,4201,0,0,0,2
0,0,46273,50,10,1,7,0,2,1,1,291762,6518,122859,84214,2977,0,40017,0,2
0,0,46273,50,10,1,7,0,2,1,1,370922,6631,106978,0,2667,0,0,22294,2
0,0,46273,50,10,1,7,0,2,1,1,411891,2187,110775,20486,1061,0,45868,37094,2
0,0,46273,50,10,1,7,0,2,1,1,415138,3592,251598,44657,4201,80888,9342,0,2
0,0,46273,50,10,1,7,0,2,1,1,394569,1694,239783,79438,0,0,0,0,2
0,0,46273,50,10,1,7,0,2,1,1,23521,3865,89685,101214,0,0,0,0,2
0,0,46273,50,10,1,7,0,2,1,1,0,2187,221217,70871,1061,66623,3285,22823,2
0,0,46273,50,10,1,7,0,2,1,1,0,5254,240519,33613,5249,0,0,0,2
0,0,46273,50,10,1,7,0,2,1,1,138306,2050,229513,4865,0,33657,31361,0,2
0,0,46273,50,10,1,7,0,2,1,1,78604,5191,205373,59090,694,0,13136,19221,2
0,0,46273,50,10,1,7,0,2,1,1,17923,3131,97375,0,1646,35801,0,11597,2
0,0,46273,50,10,1,7,0,2,1,1,425931,510,5331,49189,5067,78490,14298,0,2
0,0,46273,50,10,1,7,0,2,1,1,322582,2824,144282,60912,2476,0,0,28553,2
0,0,46273,50,10,1,7,0,2,1,1,43158,5191,256446,59090,694,0,13136,24326,2
0,0,46273,50,10,1,7,0,2,1,1,87652,5481,140779,60849,4850,0,0,0,2
0,0,46273,50,10,1,7,0,2,1,1,117087,3377,179207,9888,0,0,0,0,2
0,0,46273,50,10,1,7,0,2,1,1,139567,3131,134456,30972,1646,0,14265,9088,2
0,0,46273,50,10,1,7,0,2,1,1,208725,4764,84931,84300,3291,0,0,36476,2
0,0,46273,50,10,1,7,0,2,1,1,443913,4764,107213,34808,3291,86226,39307,31987,2
0,0,46273,50,10,1,7,0,2,1,1,461973,6518,128618,59090,2977,0,13136,0,2
0,0,46273,50,10,1,7,0,2,1,1,278618,2514,51044,88461,0,0,0,0,2
0,0,46273,50,10,1,7,0,2,1,1,456792,2824,98827,83168,2476,13183,28391,27667,2
0,0,46273,50,10,1,7,0,2,1,1,160309,5191,42913,58023,694,0,7328,5977,2
0,0,46273,50,10,1,7,0,2,1,1,165975,5470,85280,13220,2078,0,0,32232,2
0,0,46273,50,10,1,7,0,2,1,1,49955,3131,81872,13718,1646,0,0,11597,2
0,0,46273,50,10,1,7,0,2,1,1,350117,6518,168439,101954,2977,0,19702,0,2
0,0,46273,50,10,1,7,0,2,1,1,345645,5697,221869,42801,0,0,0,0,2
0,0,46273,50,10,1,7,0,2,1,1,308838,2187,103628,79942,1061,0,0,37094,2
0,0,46273,50,10,1,7,0,2,1,1,458074,4869,37246,99178,0,0,7696,0,2
0,0,46273,50,10,1,7,0,2,1,1,33108,5481,213066,60849,4850,0,0,0,2
0,0,46273,50,10,1,7,0,2,1,1,0,5727,158062,22942,1953,0,0,0,2
0,0,46273,50,10,1,7,0,2,1,1,329534,1330,169176,92242,1576,0,0,0,2
0,0,46273,50,10,1,7,0,2,1,1,0,5727,85488,39849,1953,0,0,0,2
0,0,46273,50,10,1,7,0,2,1,1,0,5727,23455,14488,1953,0,14477,0,2
0,0,46273,50,10,1,7,0,2,1,1,62030,6631,97216,0,2667,10841,0,22294,2
0,0,46273,50,10,1,7,0,2,1,1,0,2187,128414,44944,1061,0,37871,22823,2
0,0,46273,50,10,1,7,0,2,1,1,0,5727,0,93730,1953,0,0,0,2
0,0,46273,50,10,1,7,0,2,1,1,95828,5191,172774,59090,694,0,13136,33888,2
0,0,46273,50,10,1,7,0,2,1,1,86860,3923,216206,78247,0,0,0,0,2
0,0,46273,50,10,1,7,0,2,1,1,66768,3324,153405,59346,0,0,0,0,2
0,0,46273,50,10,1,7,0,2,1,1,219604,6707,38058,65967,0,0,0,0,2
0,0,46273,50,10,1,7,0,2,1,1,0,6295,146973,42555,2421,64691,31996,2582,2
0,0,46273,50,10,1,7,0,2,1,1,0,2187,0,44944,1061,0,37871,22823,2
0,0,46273,50,10,1,7,0,2,1,1,0,1139,188765,51539,0,0,0,0,2
0,0,46273,50,10,1,7,0,2,1,1,314715,2187,255935,36331,1061,0,0,19111,2
0,0,46273,50,10,1,7,0,2,1,1,364589,2903,152101,77525,1670,0,0,0,2
0,0,46273,50,10,1,7,0,2,1,1,44925,3571,115009,50023,3057,0,0,0,2
0,0,46273,50,10,1,7,0,2,1,1,0,5191,160622,59090,694,0,13136,19221,2
0,0,46273,50,10,1,7,0,2,1,1,0,2187,221217,70871,1061,66623,3285,22823,2
0,0,46273,50,10,1,7,0,2,1,1,269339,5254,117734,21155,5249,0,0,0,2
0,0,46273,50,10,1,7,0,2,1,1,0,5191,92563,59090,694,0,13136,19221,2
0,0,46273,50,10,1,7,0,2,1,1,214082,6518,97259,7839,2977,0,14533,0,2
0,0,46273,50,10,1,7,0,2,1,1,104316,3422,68178,105621,1275,0,0,0,2
0,0,46273,50,10,1,7,0,2,1,1,0,5191,19875,59090,694,0,13136,33888,2
0,0,46273,50,10,1,7,0,2,1,1,17923,3131,97375,0,1646,35801,0,18881,2
0,0,46273,50,10,1,7,0,2,1,1,0,6631,0,26633,2667,0,29459,22294,2
0,0,46273,50,10,1,7,0,2,1,1,187256,5191,196758,84214,694,67026,40017,34958,2
0,0,46273,50,10,1,7,0,2,1,1,0,6631,74060,0,2667,0,0,13472,2
0,0,46273,50,10,1,7,0,2,1,1,370147,1139,262647,0,0,0,0,0,2
0,0,46273,50,10,1,7,0,2,1,1,334046,719,253497,0,0,27666,0,0,2
0,0,46273,50,10,1,7,0,2,1,1,101682,2824,174529,0,2476,75182,0,17826,2
0,0,46273,50,10,1,7,0,2,1,1,277307,2903,125139,24047,1670,0,0,0,2
0,0,46273,50,10,1,7,0,2,1,1,307099,5191,202258,59090,694,0,13136,19221,2
0,0,46273,50,10,1,7,0,2,1,1,141727,3288,68788,94275,2108,0,0,0,2
0,0,46273,50,10,1,7,0,2,1,1,254302,2903,247318,72237,1670,0,0,0,2
0,0,46273,50,10,1,7,0,2,1,1,443913,4764,107213,34808,3291,86226,39307,31987,2
0,0,46273,50,10,1,7,0,2,1,1,456792,2824,98827,83168,2476,13183,28391,21284,2
0,0,46273,50,10,1,7,0,2,1,1,112587,3324,194718,29288,0,0,0,0,2
0,0,46273,50,10,1,7,0,2,1,1,308558,2903,57126,0,1670,0,0,0,2
0,0,46273,50,10,1,7,0,2,1,1,407374,2903,87114,25006,1670,0,0,0,2
0,0,46273,50,10,1,7,0,2,1,1,220033,1015,48020,53001,5828,0,0,0,2
0,0,46273,50,10,1,7,0,2,1,1,0,1139,123683,0,0,0,0,0,2
0,0,46273,50,10,1,7,0,2,1,1,52677,1531,140860,64557,0,0,0,0,2
0,0,46273,50,10,1,7,0,2,1,1,192448,2834,213645,13556,0,0,0,0,2
0,0,46273,50,10,1,7,0,2,1,1,359722,986,154275,0,0,0,0,0,2
0,0,46273,50,10,1,7,0,2,1,1,0,6109,0,8292,0,0,0,0,2
0,0,46273,50,10,1,7,0,2,1,1,0,5191,81247,59090,694,0,13136,0,2
0,0,46273,50,10,1,7,0,2,1,1,359577,2079,150043,75277,0,7899,0,0,2
0,0,46273,50,10,1,7,0,2,1,1,15008,6631,82227,6863,2667,0,0,0,2
0,0,46273,50,10,1,7,0,2,1,1,0,6295,146973,42555,2421,64691,31996,16063,2
0,0,46273,50,10,1,7,0,2,1,1,234934,3324,69808,21187,0,0,0,0,2
0,0,46273,50,10,1,7,0,2,1,1,261490,3131,220699,51823,1646,45177,30722,16631,2
0,0,46273,50,10,1,7,0,2,1,1,0,5191,178296,59090,694,0,13136,19581,2
0,0,46273,50,10,1,7,0,2,1,1,191511,2989,258126,17077,0,0,0,0,2
0,0,46273,50,10,1,7,0,2,1,1,0,2903,137453,84214,1670,0,40017,0,2
0,0,46273,50,10,1,7,0,2,1,1,0,5191,137453,84214,694,0,40017,34958,2
0,0,46273,50,10,1,7,0,2,1,1,77323,4948,90601,82679,3383,0,0,0,2
0,0,46273,50,10,1,7,0,2,1,1,0,6518,137453,53754,2977,0,0,0,2
0,0,46273,50,10,1,7,0,2,1,1,77973,4309,94783,99257,3269,0,0,15163,2
0,0,46273,50,10,1,7,0,2,1,1,390043,5191,204457,101508,694,0,0,19581,2
0,0,46273,50,10,1,7,0,2,1,1,261669,6518,125590,84214,2977,0,40017,0,2
0,0,46273,50,10,1,7,0,2,1,1,360862,636,20880,104409,0,0,0,0,2
0,0,46273,50,10,1,7,0,2,1,1,444763,636,66858,79916,0,0,0,0,2
0,0,46273,50,10,1,7,0,2,1,1,0,1139,0,0,0,0,0,0,2
0,0,46273,50,10,1,7,0,2,1,1,356438,2187,70005,44944,1061,0,37871,709,2
0,0,46273,50,10,1,7,0,2,1,1,87400,2640,228404,101583,2505,0,32164,0,2
0,0,46273,50,10,1,7,0,2,1,1,201287,2187,103628,79942,1061,0,0,21548,2
0,0,46273,50,10,1,7,0,2,1,1,17595,636,218936,10405,0,0,0,0,2
0,0,46273,50,10,1,7,0,2,1,1,87128,5746,108674,103434,1494,0,31841,24060,2
0,0,46273,50,10,1,7,0,2,1,1,126837,841,69008,17018,0,0,0,0,2
0,0,46273,50,10,1,7,0,2,1,1,0,2187,126312,20486,1061,0,45868,11831,2
0,0,46273,50,10,1,7,0,2,1,1,187256,5191,196758,84214,694,67026,40017,34958,2
0,0,46273,50,10,1,7,0,2,1,1,216047,1949,155096,25206,0,0,0,0,2
0,0,46273,50,10,1,7,0,2,1,1,411130,6631,184599,84085,2667,68991,17149,22294,2
0,0,46273,50,10,1,7,0,2,1,1,101682,2824,174529,0,2476,75182,0,25351,2
0,0,46273,50,10,1,7,0,2,1,1,2502,4764,94337,5208,3291,0,0,31987,2
0,0,46273,50,10,1,7,0,2,1,1,443913,4764,107213,34808,3291,86226,39307,36476,2
0,0,46273,50,10,1,7,0,2,1,1,93766,2903,1710,17184,1670,0,0,0,2
0,0,46273,50,10,1,7,0,2,1,1,456792,2824,98827,83168,2476,13183,28391,27600,2
0,0,46273,50,10,1,7,0,2,1,1,9360,6518,156710,101583,2977,0,32164,0,2
0,0,46273,50,10,1,7,0,2,1,1,249923,6518,160409,84214,2977,0,40017,0,2
0,0,46273,50,10,1,7,0,2,1,1,0,1139,17683,0,0,0,0,0,2
0,0,46273,50,10,1,7,0,2,1,1,1035,2187,49485,44944,1061,76402,37871,19663,2
0,0,46273,50,10,1,7,0,2,1,1,0,2346,9507,100843,2589,0,0,0,2
0,0,46273,50,10,1,7,0,2,1,1,66385,6518,166436,101583,2977,0,32164,0,2
0,0,46273,50,10,1,7,0,2,1,1,196124,6109,104043,0,0,0,0,0,2
0,0,46273,50,10,1,7,0,2,1,1,21823,5460,28094,0,1423,0,0,0,2
0,0,46273,50,10,1,7,0,2,1,1,263503,3571,225871,20539,3057,0,0,0,2
0,0,46273,50,10,1,7,0,2,1,1,5015,4149,70911,12257,1719,0,0,0,2
0,0,46273,50,10,1,7,0,2,1,1,0,6295,146973,42555,2421,64691,31996,16063,2
0,0,46273,50,10,1,7,0,2,1,1,339802,5191,150032,69130,694,0,34272,23613,2
0,0,46273,50,10,1,7,0,2,1,1,344539,6607,141380,61261,0,0,0,0,2
0,0,46273,50,10,1,7,0,2,1,1,0,2824,30741,0,2476,0,0,21284,2
0,0,46273,50,10,1,7,0,2,1,1,306945,4149,150155,2864,1719,0,41673,0,2
0,0,46273,50,10,1,7,0,2,1,1,114593,6631,11442,0,2667,0,0,22294,2
0,0,46273,50,10,1,7,0,2,1,1,0,6044,0,39604,398,0,0,34996,2
0,0,46273,50,10,1,7,0,2,1,1,58419,3645,122117,93297,2611,0,0,0,2
0,0,46273,50,10,1,7,0,2,1,1,0,2187,0,101583,1061,0,32164,22823,2
0,0,46273,50,10,1,7,0,2,1,1,394088,4764,176548,22273,3291,0,0,23436,2
0,0,46273,50,10,1,7,0,2,1,1,421275,636,159473,2382,0,0,0,0,2
0,0,46273,50,10,1,7,0,2,1,1,0,5191,92563,59090,694,0,13136,19221,2
0,0,46273,50,10,1,7,0,2,1,1,363989,2187,49485,44944,1061,76402,37871,19663,2
0,0,46273,50,10,1,7,0,2,1,1,58874,2824,4020,93474,2476,0,0,27600,2
0,0,46273,50,10,1,7,0,2,1,1,0,5191,21554,59090,694,0,13136,0,2
0,0,46273,50,10,1,7,0,2,1,1,149116,2187,208156,44944,1061,0,37871,709,2
1,0,46273,50,10,1,7,0,2,1,1,339617,2903,159603,25982,1670,0,0,0,2
0,0,46273,50,10,1,7,0,2,1,1,17923,3131,97375,0,1646,35801,0,31140,2
0,0,46273,50,10,1,7,0,2,1,1,283798,4764,66059,57623,3291,0,35957,36476,2
0,0,46273,50,10,1,7,0,2,1,1,187256,5191,196758,84214,694,67026,40017,34958,2
0,0,46273,50,10,1,7,0,2,1,1,258603,3131,29867,70996,1646,0,12099,16631,2
0,0,46273,50,10,1,7,0,2,1,1,227000,2824,24028,24634,2476,0,0,25351,2
0,0,46273,50,10,1,7,0,2,1,1,101682,2824,174529,0,2476,75182,0,18300,2
0,0,46273,50,10,1,7,0,2,1,1,258990,3131,44216,7259,1646,0,0,16631,2
0,0,46273,50,10,1,7,0,2,1,1,148944,6631,193026,0,2667,0,0,13472,2
0,0,46273,50,10,1,7,0,2,1,1,14021,3131,203498,86432,1646,0,0,11597,2
0,0,46273,50,10,1,7,0,2,1,1,132087,4764,30733,0,3291,46426,0,31987,2
0,0,46273,50,10,1,7,0,2,1,1,443913,4764,107213,34808,3291,86226,39307,31987,2
0,0,46273,50,10,1,7,0,2,1,1,133804,2903,236217,0,1670,0,0,0,2
0,0,46273,50,10,1,7,0,2,1,1,123191,1422,255946,29391,690,0,0,0,2
0,0,46273,50,10,1,7,0,2,1,1,151060,1467,168037,13174,4489,0,0,0,2
0,0,46273,50,10,1,7,0,2,1,1,456792,2824,98827,83168,2476,13183,28391,21284,2
0,0,46273,50,10,1,7,0,2,1,1,104440,3131,46004,26509,1646,0,0,11597,2
0,0,46273,50,10,1,7,0,2,1,1,0,4764,138710,0,3291,0,0,21021,2
0,0,46273,50,10,1,7,0,2,1,1,116884,3131,50210,403,1646,0,0,16631,2
0,0,46273,50,10,1,7,0,2,1,1,269449,1139,49399,0,0,0,0,0,2
0,0,46273,50,10,1,7,0,2,1,1,74166,6631,211497,19716,2667,0,0,0,2
0,0,46273,50,10,1,7,0,2,1,1,218393,4626,220395,91131,4380,0,0,0,2
0,0,46273,50,10,1,7,0,2,1,1,0,5746,0,0,1494,0,0,0,2
0,0,46273,50,10,1,7,0,2,1,1,192385,2277,106842,0,671,0,0,0,2
0,0,46273,50,10,1,7,0,2,1,1,92866,3592,121928,32097,4201,0,0,0,2
0,0,46273,50,10,1,7,0,2,1,1,260572,3592,49967,9997,4201,0,0,0,2
0,0,46273,50,10,1,7,0,2,1,1,69277,3592,245559,32097,4201,0,0,0,2
0,0,46273,50,10,1,7,0,2,1,1,242501,2903,25946,92710,1670,0,0,0,2
0,0,46273,50,10,1,7,0,2,1,1,1822,991,104954,39094,1210,0,0,0,2
0,0,46273,50,10,1,7,0,2,1,1,303509,6631,260250,1946,2667,0,0,27021,2
0,0,46273,50,10,1,7,0,2,1,1,0,5191,21554,59090,694,0,13136,19221,2
0,0,46273,50,10,1,7,0,2,1,1,254887,510,244137,0,5067,0,0,0,2
0,0,46273,50,10,1,7,0,2,1,1,0,6295,146973,42555,2421,64691,31996,16063,2
0,0,46273,50,10,1,7,0,2,1,1,94746,2187,200068,101583,1061,84531,32164,21548,2
0,0,46273,50,10,1,7,0,2,1,1,353726,6631,1939,100931,2667,104043,46177,22294,2
0,0,46273,50,10,1,7,0,2,1,1,421420,2824,78209,0,2476,0,0,17826,2
0,0,46273,50,10,1,7,0,2,1,1,457975,3592,34744,101851,4201,0,0,0,2
0,0,46273,50,10,1,7,0,2,1,1,197363,6044,197185,0,398,0,0,0,2
0,0,46273,50,10,1,7,0,2,1,1,165449,6853,186089,57329,0,0,0,0,2
0,0,46273,50,10,1,7,0,2,1,1,201734,3767,19651,99145,4722,0,0,0,2
0,0,46273,50,10,1,7,0,2,1,1,106173,4380,198070,70211,0,0,0,0,2
0,0,46273,50,10,1,7,0,2,1,1,326019,3571,27070,10529,3057,0,45308,0,2
0,0,46273,50,10,1,7,0,2,1,1,378584,2903,32529,43422,1670,0,0,0,2
0,0,46273,50,10,1,7,0,2,1,1,189337,3592,18817,106067,4201,0,0,0,2
0,0,46273,50,10,1,7,0,2,1,1,464668,991,177379,84148,1210,0,0,0,2
0,0,46273,50,10,1,7,0,2,1,1,100379,3592,215488,15655,4201,0,0,0,2
0,0,46273,50,10,1,7,0,2,1,1,95198,6631,33344,80228,2667,0,0,0,2
1,0,46273,50,10,1,7,0,2,1,1,17923,3131,97375,0,1646,35801,0,11597,2
0,0,46273,50,10,1,7,0,2,1,1,225556,4764,71287,0,3291,0,0,31987,2
0,0,46273,50,10,1,7,0,2,1,1,23059,2903,4092,96383,1670,0,0,0,2
0,0,46273,50,10,1,7,0,2,1,1,414710,4764,227888,34690,3291,92601,46170,31987,2
0,0,46273,50,10,1,7,0,2,1,1,187256,5191,196758,84214,694,67026,40017,34958,2
0,0,46273,50,10,1,7,0,2,1,1,97329,4764,148456,0,3291,0,0,234,2
0,0,46273,50,10,1,7,0,2,1,1,385136,5191,199560,59090,694,0,13136,19221,2
0,0,46273,50,10,1,7,0,2,1,1,101682,2824,174529,0,2476,75182,0,25351,2
0,0,46273,50,10,1,7,0,2,1,1,190394,5191,55143,101583,694,48976,32164,23554,2
0,0,46273,50,10,1,7,0,2,1,1,399680,2903,61245,67406,1670,0,0,0,2
0,0,46273,50,10,1,7,0,2,1,1,22692,5254,232143,37839,5249,0,0,0,2
0,0,46273,50,10,1,7,0,2,1,1,132087,4764,30733,0,3291,46426,0,31987,2
1,0,46273,50,10,1,7,0,2,1,1,443913,4764,107213,34808,3291,86226,39307,31987,2
0,0,46273,50,10,1,7,0,2,1,1,456792,2824,98827,83168,2476,13183,28391,27667,2
0,0,46273,50,10,1,7,0,2,1,1,0,1330,184913,103426,1576,0,33681,0,2
1,0,46273,50,10,1,7,0,2,1,1,0,933,146973,0,2756,64691,0,36589,2
0,0,46273,50,10,1,7,0,2,1,1,350372,991,248500,0,1210,0,0,0,2
0,0,46273,50,10,1,7,0,2,1,1,167684,1662,166517,51316,4304,36233,222,22691,2
0,0,46273,50,10,1,7,0,2,1,1,156135,991,40658,44198,1210,0,0,0,2
0,0,46273,50,10,1,7,0,2,1,1,0,3131,194224,57623,1646,0,35957,18881,2
0,0,46273,50,10,1,7,0,2,1,1,209954,2824,103942,27972,2476,60471,18630,27600,2
0,0,46273,50,10,1,7,0,2,1,1,428697,6631,40370,44171,2667,0,0,22294,2
0,0,46273,50,10,1,7,0,2,1,1,346547,1949,98366,0,0,0,0,0,2
0,0,46273,50,10,1,7,0,2,1,1,163979,3131,209608,0,1646,0,0,16631,2
0,0,46273,50,10,1,7,0,2,1,1,251634,6631,164036,33892,2667,0,0,28239,2
0,0,46273,50,10,1,7,0,2,1,1,458464,991,160888,66070,1210,0,0,0,2
0,0,46273,50,10,1,7,0,2,1,1,353649,2187,168445,44944,1061,0,37871,22823,2
0,0,46273,50,10,1,7,0,2,1,1,0,6295,146973,42555,2421,64691,31996,16063,2
0,0,46273,50,10,1,7,0,2,1,1,117990,3131,85159,0,1646,0,0,8934,2
0,0,46273,50,10,1,7,0,2,1,1,442767,6631,102643,0,2667,0,0,28239,2
0,0,46273,50,10,1,7,0,2,1,1,230599,4764,131209,95450,3291,0,0,21021,2
0,0,46273,50,10,1,7,0,2,1,1,292124,3131,252220,88669,1646,0,0,11597,2
0,0,46273,50,10,1,7,0,2,1,1,293455,5191,247457,20486,694,0,45868,32067,2
0,0,46273,50,10,1,7,0,2,1,1,41479,636,234952,103763,0,0,0,0,2
0,0,46273,50,10,1,7,0,2,1,1,402599,636,13700,36470,0,0,0,0,2
0,0,46273,50,10,1,7,0,2,1,1,67398,6044,27169,0,398,0,0,0,2
0,0,46273,50,10,1,7,0,2,1,1,0,2187,221217,70871,1061,66623,3285,22823,2
0,0,46273,50,10,1,7,0,2,1,1,138150,5191,248208,59090,694,0,13136,19221,2
0,0,46273,50,10,1,7,0,2,1,1,0,4779,146973,0,0,64691,0,0,2
0,0,46273,50,10,1,7,0,2,1,1,310767,2816,162255,33026,0,0,0,0,2
0,0,46273,50,10,1,7,0,2,1,1,379693,2187,38836,20486,1061,0,45868,3881,2
0,0,46273,50,10,1,7,0,2,1,1,380027,2187,170117,44944,1061,71533,37871,21548,2
0,0,46273,50,10,1,7,0,2,1,1,0,6295,146973,0,2421,64691,0,2582,2
0,0,46273,50,10,1,7,0,2,1,1,314527,6631,22827,0,2667,0,0,28239,2
0,0,46273,50,10,1,7,0,2,1,1,101682,2824,174529,0,2476,75182,0,25351,2
0,0,46273,50,10,1,7,0,2,1,1,52766,5191,105117,59090,694,0,13136,19221,2
0,0,46273,50,10,1,7,0,2,1,1,439864,1330,141215,17782,1576,0,0,0,2
0,0,46273,50,10,1,7,0,2,1,1,434470,6631,138470,46428,2667,0,0,28239,2
0,0,46273,50,10,1,7,0,2,1,1,3452,3592,58772,25913,4201,0,37634,0,2
0,0,46273,50,10,1,7,0,2,1,1,132087,4764,30733,0,3291,46426,0,36476,2
0,0,46273,50,10,1,7,0,2,1,1,299764,1632,228760,27319,5018,0,22210,0,2
0,0,46273,50,10,1,7,0,2,1,1,103624,3131,81872,13718,1646,0,0,18881,2
0,0,46273,50,10,1,7,0,2,1,1,267203,3571,204434,51187,3057,0,0,0,2
0,0,46273,50,10,1,7,0,2,1,1,456792,2824,98827,83168,2476,13183,28391,27667,2
0,0,46273,50,10,1,7,0,2,1,1,262508,2816,45169,32645,0,0,0,0,2
0,0,46273,50,10,1,7,0,2,1,1,193144,4658,76188,28448,3476,0,0,0,2
0,0,46273,50,10,1,7,0,2,1,1,273457,4444,225325,44363,0,0,0,0,2
0,0,46273,50,10,1,7,0,2,1,1,0,6044,73935,82375,398,0,0,0,2
0,0,46273,50,10,1,7,0,2,1,1,253788,1276,232709,89362,0,0,0,0,2
0,0,46273,50,10,1,7,0,2,1,1,262584,5813,238904,21239,0,0,0,0,2
0,0,46273,50,10,1,7,0,2,1,1,322622,2824,24684,10100,2476,0,0,17826,2
0,0,46273,50,10,1,7,0,2,1,1,0,4764,0,0,3291,0,0,20389,2
0,0,46273,50,10,1,7,0,2,1,1,10323,6295,205447,44601,2421,0,0,2582,2
0,0,46273,50,10,1,7,0,2,1,1,381029,3149,130355,38792,0,0,30594,0,2
0,0,46273,50,10,1,7,0,2,1,1,0,4764,16176,71369,3291,0,19940,21021,2
0,0,46273,50,10,1,7,0,2,1,1,0,5191,40149,59090,694,0,13136,19221,2
0,0,46273,50,10,1,7,0,2,1,1,275797,4127,220395,91131,3644,0,0,0,2
0,0,46273,50,10,1,7,0,2,1,1,0,2824,206283,29809,2476,0,0,17826,2
0,0,46273,50,10,1,7,0,2,1,1,0,5191,19875,59090,694,0,13136,19581,2
0,0,46273,50,10,1,7,0,2,1,1,362975,2584,19902,0,3169,0,0,0,2
0,0,46273,50,10,1,7,0,2,1,1,235850,3592,251598,44657,4201,80888,9342,0,2
0,0,46273,50,10,1,7,0,2,1,1,0,6295,146973,42555,2421,64691,31996,16063,2
0,0,46273,50,10,1,7,0,2,1,1,0,2187,0,44944,1061,0,37871,3881,2
0,0,46273,50,10,1,7,0,2,1,1,431376,4764,245570,70996,3291,70805,12099,31987,2
0,0,46273,50,10,1,7,0,2,1,1,0,4764,0,0,3291,0,0,31987,2
0,0,46273,50,10,1,7,0,2,1,1,417775,4764,163417,53945,3291,0,0,20389,2
0,0,46273,50,10,1,7,0,2,1,1,136731,6518,263424,68040,2977,0,25490,0,2
0,0,46273,50,10,1,7,0,2,1,1,0,5191,73977,50661,694,23219,31677,0,2
0,0,46273,50,10,1,7,0,2,1,1,45332,4309,116461,1482,3269,0,0,34008,2
0,0,46273,50,10,1,7,0,2,1,1,202652,6631,199303,43055,2667,0,0,22294,2
0,0,46273,50,10,1,7,0,2,1,1,377496,2824,77958,46546,2476,88241,40543,27600,2
0,0,46273,50,10,1,7,0,2,1,1,13792,3131,97632,0,1646,0,0,8934,2
0,0,46273,50,10,1,7,0,2,1,1,309944,4764,131209,95450,3291,0,0,20389,2
0,0,46273,50,10,1,7,0,2,1,1,308098,3571,118827,28628,3057,0,0,0,2
0,0,46273,50,10,1,7,0,2,1,1,0,6631,0,0,2667,0,0,28239,2
0,0,46273,50,10,1,7,0,2,1,1,187256,5191,196758,84214,694,67026,40017,23554,2
0,0,46273,50,10,1,7,0,2,1,1,202645,3131,60942,70996,1646,0,12099,9088,2
0,0,46273,50,10,1,7,0,2,1,1,179449,3131,199974,64879,1646,0,42303,11597,2
0,0,46273,50,10,1,7,0,2,1,1,80927,3131,91728,100721,1646,0,0,11597,2
0,0,46273,50,10,1,7,0,2,1,1,101682,2824,174529,0,2476,75182,0,25351,2
0,0,46273,50,10,1,7,0,2,1,1,204720,4779,186455,98142,0,0,0,0,2
0,0,46273,50,10,1,7,0,2,1,1,0,4764,220465,76901,3291,0,0,20389,2
0,0,46273,50,10,1,7,0,2,1,1,132087,4764,30733,0,3291,46426,0,31987,2
0,0,46273,50,10,1,7,0,2,1,1,66977,6631,135058,68099,2667,0,0,28239,2
0,0,46273,50,10,1,7,0,2,1,1,456792,2824,98827,83168,2476,13183,28391,27667,2
0,0,46273,50,10,1,7,0,2,1,1,115125,2816,88381,80716,0,0,0,0,2
0,0,46273,50,10,1,7,0,2,1,1,0,4764,0,60912,3291,0,0,31987,2
0,0,46273,50,10,1,7,0,2,1,1,8470,4764,219602,9981,3291,0,0,31987,2
0,0,46273,50,10,1,7,0,2,1,1,412009,1330,150456,38792,1576,0,30594,0,2
0,0,46273,50,10,1,7,0,2,1,1,401529,6631,141004,4151,2667,0,0,27021,2
0,0,46273,50,10,1,7,0,2,1,1,0,6631,184599,84085,2667,68991,17149,0,2
0,0,46273,50,10,1,7,0,2,1,1,98166,2903,7214,24899,1670,0,0,0,2
0,0,46273,50,10,1,7,0,2,1,1,431376,4764,245570,70996,3291,70805,12099,31987,2
0,0,46273,50,10,1,7,0,2,1,1,230418,3131,160871,88669,1646,0,0,8934,2
0,0,46273,50,10,1,7,0,2,1,1,462679,4764,23143,65426,3291,0,0,36476,2
0,0,46273,50,10,1,7,0,2,1,1,354404,3131,73762,91782,1646,0,0,9088,2
0,0,46273,50,10,1,7,0,2,1,1,216340,4309,251177,80809,3269,0,0,0,2
0,0,46273,50,10,1,7,0,2,1,1,139096,4309,251177,78777,3269,0,0,0,2
0,0,46273,50,10,1,7,0,2,1,1,194230,3629,223046,55134,0,0,0,0,2
0,0,46273,50,10,1,7,0,2,1,1,124178,6044,33939,0,398,0,0,0,2
0,0,46273,50,10,1,7,0,2,1,1,0,6631,25145,0,2667,0,0,0,2
0,0,46273,50,10,1,7,0,2,1,1,0,2187,221217,70871,1061,66623,3285,22823,2
0,0,46273,50,10,1,7,0,2,1,1,0,6631,257092,84224,2667,0,0,0,2
0,0,46273,50,10,1,7,0,2,1,1,34287,5070,226080,0,0,0,0,0,2
0,0,46273,50,10,1,7,0,2,1,1,0,5191,61257,59090,694,0,13136,5977,2
0,0,46273,50,10,1,7,0,2,1,1,73131,2903,179394,0,1670,0,0,0,2
0,0,46273,50,10,1,7,0,2,1,1,186576,1330,87688,9179,1576,0,0,0,2
0,0,46273,50,10,1,7,0,2,1,1,361314,3131,144404,67980,1646,0,0,16631,2
0,0,46273,50,10,1,7,0,2,1,1,443648,5480,208919,37795,0,0,0,0,2
0,0,46273,50,10,1,7,0,2,1,1,189218,6631,12982,81043,2667,0,0,16465,2
0,0,46273,50,10,1,7,0,2,1,1,147258,5070,82263,0,0,0,0,0,2
0,0,46273,50,10,1,7,0,2,1,1,324124,3131,56391,70996,1646,0,12099,18881,2
0,0,46273,50,10,1,7,0,2,1,1,101682,2824,174529,0,2476,75182,0,17826,2
0,0,46273,50,10,1,7,0,2,1,1,86317,2903,15622,103047,1670,0,0,0,2
0,0,46273,50,10,1,7,0,2,1,1,48773,4738,229513,4865,0,33657,31361,0,2
0,0,46273,50,10,1,7,0,2,1,1,222443,3499,193826,68056,2270,0,0,0,2
0,0,46273,50,10,1,7,0,2,1,1,403560,3131,84931,84300,1646,0,0,16631,2
0,0,46273,50,10,1,7,0,2,1,1,225430,5070,52056,94562,0,0,0,0,2
0,0,46273,50,10,1,7,0,2,1,1,96825,2903,97724,21550,1670,0,0,0,2
0,0,46273,50,10,1,7,0,2,1,1,422228,6631,188265,14138,2667,0,0,0,2
0,0,46273,50,10,1,7,0,2,1,1,456792,2824,98827,83168,2476,13183,28391,27600,2
0,0,46273,50,10,1,7,0,2,1,1,93813,4764,95791,85879,3291,0,0,31987,2
0,0,46273,50,10,1,7,0,2,1,1,182930,6631,148829,0,2667,0,0,27021,2
0,0,46273,50,10,1,7,0,2,1,1,96476,5070,116608,85775,0,0,0,0,2
0,0,46273,50,10,1,7,0,2,1,1,0,4764,180656,0,3291,0,0,21021,2
0,0,128962,87,8,2,4,3,2,1,1,451467,3097,34495,40877,5035,0,7525,27686,1
0,0,128962,87,8,2,4,3,2,1,1,62830,5853,252523,83723,1705,66375,18154,30061,1
0,0,128962,87,8,2,4,3,2,1,1,4336,5853,169019,56565,1705,0,48381,28685,1
0,0,128962,87,8,2,4,3,2,1,1,365511,180,142257,22246,2318,35278,1253,23270,1
0,0,128962,87,8,2,4,3,2,1,1,371215,290,27452,70123,890,41068,8697,0,1
0,0,128962,87,8,2,4,3,2,1,1,138032,2277,229513,4865,0,0,0,0,1
0,0,128962,87,8,2,4,3,2,1,1,349853,290,148598,52584,890,0,0,0,1
0,0,128962,87,8,2,4,3,2,1,1,151529,230,248749,82437,5787,3810,48383,31725,1
0,0,128962,87,8,2,4,3,2,1,1,391070,6317,227603,0,4264,0,0,10895,1
0,0,128962,87,8,2,4,3,2,1,1,4740,2084,51236,100721,615,39011,16443,26430,1
0,0,128962,87,8,2,4,3,2,1,1,310919,2204,153228,9676,689,9443,31804,27942,1
0,0,128962,87,8,2,4,3,2,1,1,83574,2084,37506,27850,615,0,0,22991,1
0,0,128962,87,8,2,4,3,2,1,1,321380,5853,134226,0,1705,0,0,3128,1
0,0,128962,87,8,2,4,3,2,1,1,0,5481,73950,1640,4850,0,48036,0,1
0,0,128962,87,8,2,4,3,2,1,1,366129,5853,217512,39355,1705,62522,4218,17327,1
0,0,128962,87,8,2,4,3,2,1,1,281223,2084,14629,42838,615,0,0,22295,1
0,0,128962,87,8,2,4,3,2,1,1,285789,1809,26584,14455,1568,0,0,21682,1
1,0,128962,87,8,2,4,3,2,1,1,348306,3627,86287,41832,0,0,0,0,1
0,0,128962,87,8,2,4,3,2,1,1,203804,5971,2152,0,739,74021,0,0,1
0,0,128962,87,8,2,4,3,2,1,1,208171,5915,215559,4943,16,0,0,0,1
0,0,128962,87,8,2,4,3,2,1,1,49269,6200,85540,0,0,0,0,0,1
0,0,128962,87,8,2,4,3,2,1,1,241571,230,63073,11481,5787,0,0,4998,1
0,0,128962,87,8,2,4,3,2,1,1,361938,4494,69041,42158,5578,100825,37596,35920,1
0,0,128962,87,8,2,4,3,2,1,1,2020,5853,32940,0,1705,0,0,28685,1
0,0,0,11,5,1,4,1,2,1,1,0,5971,0,0,0,0,0,0,3
0,0,130782,50,8,2,4,0,2,1,1,181417,5075,181767,97219,0,0,0,0,1
0,0,130782,50,8,2,4,0,2,1,1,257200,3642,152926,12181,4178,58412,0,0,1
0,0,130782,50,8,2,4,0,2,1,1,24752,6606,167905,91122,5338,0,0,0,1
0,0,130782,50,8,2,4,0,2,1,1,242969,1483,114099,25903,3239,0,5441,24770,1
0,0,130782,50,8,2,4,0,2,1,1,301131,5075,190282,101324,0,0,0,0,1
0,0,130782,50,8,2,4,0,2,1,1,290762,1483,85269,25903,3239,0,5441,3314,1
0,0,130782,50,8,2,4,0,2,1,1,157931,1828,141776,7004,0,0,0,0,1
0,0,130782,50,8,2,4,0,2,1,1,0,1731,116594,0,1661,43754,0,5111,1
0,0,130782,50,8,2,4,0,2,1,1,29486,2106,932,24021,2549,0,0,0,1
0,0,130782,50,8,2,4,0,2,1,1,270254,6606,196795,24212,5338,0,0,0,1
0,0,130782,50,8,2,4,0,2,1,1,157507,1483,62099,25903,3239,0,5441,3314,1
0,0,130782,50,8,2,4,0,2,1,1,454005,5383,157592,83797,0,67404,0,0,1
0,0,130782,50,8,2,4,0,2,1,1,29486,2106,932,24021,2549,0,0,0,1
1,0,0,0,0,0,0,0,0,0,0,0,169,0,12457,0,0,0,0,3
0,0,0,0,0,0,0,0,0,0,0,0,2346,0,23845,2589,0,0,0,3
0,0,0,65,7,2,7,2,2,1,4,0,0,0,48694,0,0,0,0,3
0,0,59085,50,11,2,2,0,2,1,0,213260,1809,237023,56233,1568,0,0,0,1
0,0,59085,50,11,2,2,0,2,1,0,78457,1422,183155,0,690,0,0,0,1
0,0,59085,50,11,2,2,0,2,1,0,24793,1809,247369,71766,1568,0,0,0,1
0,0,59085,50,11,2,2,0,2,1,0,429721,1422,77729,64468,690,54269,41104,0,1
0,0,59085,50,11,2,2,0,2,1,0,382197,2866,229513,4865,0,33657,31361,0,1
0,0,59085,50,11,2,2,0,2,1,0,341750,2204,140281,0,689,0,0,27024,1
0,0,59085,50,11,2,2,0,2,1,0,423843,1809,91865,0,1568,0,0,0,1
1,0,59085,50,11,2,2,0,2,1,0,0,1913,225904,0,4074,0,0,16715,1
0,0,59085,50,11,2,2,0,2,1,0,89354,4764,184204,0,3291,0,0,0,1
0,0,59085,50,11,2,2,0,2,1,0,77017,6134,157445,30218,3994,0,0,3860,1
0,0,59085,50,11,2,2,0,2,1,0,104872,5481,256174,32250,4850,0,23344,0,1
0,0,59085,50,11,2,2,0,2,1,0,0,6810,228058,35447,4408,0,4432,19728,1
0,0,59085,50,11,2,2,0,2,1,0,337279,6810,68560,13889,4408,0,0,19728,1
0,0,59085,50,11,2,2,0,2,1,0,155663,3319,21093,0,5396,15681,0,31292,1
0,0,59085,50,11,2,2,0,2,1,0,172765,3319,17089,0,5396,85185,0,18611,1
0,0,59085,50,11,2,2,0,2,1,0,417637,1913,190343,59932,4074,0,0,3916,1
0,0,59085,50,11,2,2,0,2,1,0,407469,2204,159017,54243,689,46360,22862,0,1
0,0,59085,50,11,2,2,0,2,1,0,285789,1809,26584,14455,1568,0,0,0,1
0,0,59085,50,11,2,2,0,2,1,0,260431,5468,130540,75724,0,0,0,0,1
0,0,59085,50,11,2,2,0,2,1,0,338352,2204,228562,60802,689,0,0,0,1
0,0,59085,50,11,2,2,0,2,1,0,0,6134,63168,0,3994,12227,0,3860,1
0,0,59085,50,11,2,2,0,2,1,0,21340,1913,248567,0,4074,0,0,884,1
0,0,59085,50,11,2,2,0,2,1,0,431381,3319,127592,84239,5396,0,3470,33349,1
0,0,59085,50,11,2,2,0,2,1,0,217749,1257,176882,81412,3691,0,0,0,1
0,0,59085,50,11,2,2,0,2,1,0,84722,3319,107484,84239,5396,0,3470,9304,1
0,0,59085,50,11,2,2,0,2,1,0,28705,1913,141203,867,4074,0,29797,26604,1
0,0,59085,50,11,2,2,0,2,1,0,57734,5481,135966,32250,4850,55581,23344,0,1
0,0,59085,50,11,2,2,0,2,1,0,166052,1913,239077,0,4074,0,0,18559,1
0,0,59085,50,11,2,2,0,2,1,0,465472,3319,115729,9340,5396,54496,31197,0,1
0,0,59085,50,11,2,2,0,2,1,0,368412,3319,254819,84239,5396,0,3470,16701,1
0,0,59085,50,11,2,2,0,2,1,0,229849,3097,207724,0,5035,0,0,0,1
0,0,59085,50,11,2,2,0,2,1,0,176544,5853,11937,0,1705,0,0,12281,1
0,0,59085,50,11,2,2,0,2,1,0,220780,1913,52033,0,4074,0,0,3657,1
0,0,59085,50,11,2,2,0,2,1,0,22455,1913,209484,0,4074,0,0,18591,1
0,0,59085,50,11,2,2,0,2,1,0,276879,5468,115729,0,0,54496,0,0,1
0,0,59085,50,11,2,2,0,2,1,0,294881,3097,247043,96770,5035,21424,45152,0,1
0,0,59085,50,11,2,2,0,2,1,0,64203,6134,214436,0,3994,0,0,20406,1
0,0,59085,50,11,2,2,0,2,1,0,97685,5853,16436,0,1705,25925,0,0,1
0,0,59085,50,11,2,2,0,2,1,0,214914,1913,16436,0,4074,25925,0,3657,1
0,0,59085,50,11,2,2,0,2,1,0,36022,5468,115729,0,0,54496,0,0,1
0,0,59085,50,11,2,2,0,2,1,0,423917,3233,16436,0,4390,25925,0,0,1
0,0,59085,50,11,2,2,0,2,1,0,64432,1913,24924,0,4074,65846,0,18559,1
0,0,59085,50,11,2,2,0,2,1,0,0,1913,0,867,4074,0,29797,26604,1
0,0,59085,50,11,2,2,0,2,1,0,78457,1422,183155,0,690,0,0,0,1
0,0,59085,50,11,2,2,0,2,1,0,24793,1809,247369,71766,1568,0,0,0,1
1,0,59085,50,11,2,2,0,2,1,0,77918,1913,22875,56147,4074,0,0,34066,1
0,0,59085,50,11,2,2,0,2,1,0,316634,2204,36262,93135,689,0,0,23289,1
0,0,59085,50,11,2,2,0,2,1,0,138450,1257,62091,101406,3691,0,0,0,1
0,0,59085,50,11,2,2,0,2,1,0,230522,3289,229513,4865,0,33657,31361,0,1
0,0,59085,50,11,2,2,0,2,1,0,423843,1809,91865,0,1568,0,0,0,1
0,0,59085,50,11,2,2,0,2,1,0,0,6810,228058,35447,4408,0,4432,19728,1
0,0,59085,50,11,2,2,0,2,1,0,411840,1913,133663,27513,4074,0,0,3657,1
0,0,59085,50,11,2,2,0,2,1,0,155663,3319,21093,0,5396,15681,0,34409,1
0,0,59085,50,11,2,2,0,2,1,0,172765,3319,17089,0,5396,85185,0,18611,1
0,0,59085,50,11,2,2,0,2,1,0,407469,2204,159017,54243,689,46360,22862,0,1
0,0,59085,50,11,2,2,0,2,1,0,267066,5468,76589,19560,0,0,0,0,1
0,0,59085,50,11,2,2,0,2,1,0,378460,1809,24468,0,1568,0,0,0,1
0,0,59085,50,11,2,2,0,2,1,0,396934,2204,163342,0,689,2020,0,27024,1
0,0,59085,50,11,2,2,0,2,1,0,0,6134,63168,0,3994,12227,0,3860,1
0,0,59085,50,11,2,2,0,2,1,0,21340,1913,248567,0,4074,0,0,3916,1
0,0,59085,50,11,2,2,0,2,1,0,272058,3312,192315,84239,0,0,3470,0,1
1,0,59085,50,11,2,2,0,2,1,0,84722,3319,107484,84239,5396,0,3470,16701,1
0,0,59085,50,11,2,2,0,2,1,0,246203,3319,247043,96770,5396,21424,45152,16701,1
0,0,59085,50,11,2,2,0,2,1,0,437930,1913,40901,0,4074,29075,0,16715,1
0,0,59085,50,11,2,2,0,2,1,0,57734,5481,135966,32250,4850,55581,23344,0,1
0,0,59085,50,11,2,2,0,2,1,0,465472,3319,115729,9340,5396,54496,31197,0,1
0,0,59085,50,11,2,2,0,2,1,0,368412,3319,254819,84239,5396,0,3470,33349,1
0,0,59085,50,11,2,2,0,2,1,0,220780,1913,52033,0,4074,0,0,884,1
1,0,59085,50,11,2,2,0,2,1,0,224225,1913,181382,51218,4074,0,0,4482,1
0,0,59085,50,11,2,2,0,2,1,0,22455,1913,209484,0,4074,0,0,3230,1
0,0,59085,50,11,2,2,0,2,1,0,276879,5468,115729,0,0,54496,0,0,1
0,0,59085,50,11,2,2,0,2,1,0,335724,1484,24492,84239,0,0,3470,0,1
0,0,59085,50,11,2,2,0,2,1,0,0,3097,216986,0,5035,15893,0,23698,1
0,0,59085,50,11,2,2,0,2,1,0,97685,5853,16436,0,1705,25925,0,0,1
0,0,59085,50,11,2,2,0,2,1,0,214914,1913,16436,0,4074,25925,0,35773,1
0,0,59085,50,11,2,2,0,2,1,0,389668,6134,115729,0,3994,54496,0,26215,1
0,0,59085,50,11,2,2,0,2,1,0,39977,6134,115729,0,3994,54496,0,2321,1
0,0,59085,50,11,2,2,0,2,1,0,423917,3233,16436,0,4390,25925,0,0,1
0,0,59085,50,11,2,2,0,2,1,0,204899,2204,143652,0,689,0,0,23289,1
0,0,59085,50,11,2,2,0,2,1,0,289274,1913,105109,0,4074,0,0,18559,1
0,0,59085,50,11,2,2,0,2,1,0,225401,3319,173956,867,5396,0,29797,29890,1
0,0,59085,50,11,2,2,0,2,1,0,78457,1422,183155,0,690,0,0,0,1
0,0,59085,50,11,2,2,0,2,1,0,24793,1809,247369,71766,1568,0,0,0,1
1,0,59085,50,11,2,2,0,2,1,0,0,2691,21093,80119,2258,15681,0,0,1
0,0,59085,50,11,2,2,0,2,1,0,181373,2691,21093,28555,2258,15681,9078,16567,1
0,0,59085,50,11,2,2,0,2,1,0,423135,1420,229513,0,2569,33657,0,0,1
0,0,59085,50,11,2,2,0,2,1,0,423843,1809,91865,0,1568,0,0,0,1
0,0,59085,50,11,2,2,0,2,1,0,81972,6810,13361,0,4408,0,0,202,1
0,0,59085,50,11,2,2,0,2,1,0,35307,3312,108036,0,0,97036,0,0,1
0,0,59085,50,11,2,2,0,2,1,0,259561,424,77729,64468,1175,54269,41104,0,1
0,0,59085,50,11,2,2,0,2,1,0,11666,1913,157416,81314,4074,0,42782,23563,1
0,0,59085,50,11,2,2,0,2,1,0,247038,6134,108816,0,3994,0,0,3860,1
0,0,59085,50,11,2,2,0,2,1,0,349457,1809,221220,105514,1568,0,0,0,1
0,0,59085,50,11,2,2,0,2,1,0,445608,6134,103305,54426,3994,0,0,26215,1
0,0,59085,50,11,2,2,0,2,1,0,0,4764,157808,30263,3291,0,0,0,1
0,0,59085,50,11,2,2,0,2,1,0,0,6810,129673,0,4408,0,0,13444,1
0,0,59085,50,11,2,2,0,2,1,0,155663,3319,21093,0,5396,15681,0,8279,1
0,0,59085,50,11,2,2,0,2,1,0,172765,3319,17089,0,5396,85185,0,29890,1
0,0,59085,50,11,2,2,0,2,1,0,417637,1913,190343,59932,4074,0,0,3916,1
0,0,59085,50,11,2,2,0,2,1,0,134899,3319,233096,35447,5396,0,4432,8279,1
0,0,59085,50,11,2,2,0,2,1,0,424583,3319,18515,40581,5396,0,0,16701,1
0,0,59085,50,11,2,2,0,2,1,0,404864,3097,183619,42388,5035,66783,3981,27686,1
0,0,59085,50,11,2,2,0,2,1,0,341900,2204,24902,0,689,0,0,0,1
0,0,59085,50,11,2,2,0,2,1,0,289274,1913,105109,0,4074,0,0,33181,1
0,0,59085,50,11,2,2,0,2,1,0,185277,3319,48863,0,5396,27761,0,35554,1
0,0,59085,50,11,2,2,0,2,1,0,0,3319,107484,35447,5396,0,4432,9304,1
0,0,59085,50,11,2,2,0,2,1,0,225401,3319,173956,867,5396,0,29797,29890,1
0,0,59085,50,11,2,2,0,2,1,0,0,6134,21093,0,3994,15681,0,3860,1
0,0,59085,50,11,2,2,0,2,1,0,389668,6134,115729,0,3994,54496,0,20406,1
1,0,59085,50,11,2,2,0,2,1,0,0,6134,21093,0,3994,15681,0,3860,1
0,0,59085,50,11,2,2,0,2,1,0,204899,2204,143652,0,689,0,0,27024,1
0,0,59085,50,11,2,2,0,2,1,0,289274,1913,105109,0,4074,0,0,18559,1
0,0,59085,50,11,2,2,0,2,1,0,225401,3319,173956,867,5396,0,29797,18611,1
0,0,0,36,2,1,2,2,2,1,1,0,1399,0,0,0,0,0,0,3
0,0,0,0,0,0,0,0,0,0,0,0,3645,0,64072,2611,0,0,0,3
1,0,0,65,7,2,7,2,2,1,4,370927,3233,205929,0,4390,0,0,0,3
0,0,0,50,5,1,4,0,2,1,2,0,1535,0,0,0,0,0,0,3
1,0,0,50,10,1,7,0,2,1,1,0,230,0,0,0,0,0,0,3
0,0,0,7,7,2,7,2,2,1,1,0,4948,15446,14504,0,0,0,0,3
0,0,0,50,8,2,4,0,2,1,1,0,1618,0,0,0,0,0,0,3
0,0,0,11,5,1,4,1,2,1,1,273895,6917,83624,51691,2146,0,35938,0,1
0,0,0,11,5,1,4,1,2,1,1,303320,6124,197481,1740,0,0,0,0,1
0,0,0,11,5,1,4,1,2,1,1,376471,4867,158156,56535,3878,100686,20574,0,1
0,0,0,60,2,1,2,1,2,1,1,304107,1086,8335,23256,1777,13256,2525,0,1
0,0,0,60,2,1,2,1,2,1,1,0,6224,0,0,4867,0,0,0,1
0,0,0,60,2,1,2,1,2,1,1,0,5159,24407,41832,4615,0,47564,0,1
0,0,0,60,2,1,2,1,2,1,1,0,2797,0,42299,5326,0,0,0,1
0,0,0,60,2,1,2,1,2,1,1,398266,5875,230139,23323,0,0,0,0,1
0,0,42360,50,2,1,2,0,2,1,0,364332,726,68552,0,0,0,0,3860,2
0,0,42360,50,2,1,2,0,2,1,0,125628,4830,204477,9082,207,73467,46690,23276,2
0,0,42360,50,2,1,2,0,2,1,0,226513,4830,92079,106127,207,50905,14941,3221,2
1,0,42360,50,2,1,2,0,2,1,0,134336,6444,46629,22430,2915,94445,41140,2140,2
0,0,42360,50,2,1,2,0,2,1,0,0,2681,159315,22350,4665,0,19968,0,2
0,0,42360,50,2,1,2,0,2,1,0,168075,230,115732,90637,5787,0,0,16634,2
0,0,42360,50,2,1,2,0,2,1,0,228827,2271,198063,11960,3806,82967,39993,0,2
0,0,42360,50,2,1,2,0,2,1,0,178368,2204,162807,85443,689,74522,1926,0,2
0,0,42360,50,2,1,2,0,2,1,0,360032,6915,229513,4865,0,33657,31361,0,2
0,0,42360,50,2,1,2,0,2,1,0,285609,2106,235578,0,2549,0,0,4324,2
0,0,42360,50,2,1,2,0,2,1,0,465045,6134,157616,80612,3994,0,0,3860,2
0,0,42360,50,2,1,2,0,2,1,0,145183,2204,143092,41024,689,0,0,25703,2
0,0,42360,50,2,1,2,0,2,1,0,275058,4512,222740,48495,2864,58353,80,0,2
0,0,42360,50,2,1,2,0,2,1,0,140298,6311,46559,31776,0,0,0,0,2
0,0,42360,50,2,1,2,0,2,1,0,117662,4187,77583,0,718,0,0,20356,2
0,0,42360,50,2,1,2,0,2,1,0,431322,6134,154658,101568,3994,77850,27013,30282,2
0,0,42360,50,2,1,2,0,2,1,0,256270,6479,171958,94945,2993,0,0,0,2
0,0,42360,50,2,1,2,0,2,1,0,251326,4187,38056,80391,718,0,0,31631,2
0,0,42360,50,2,1,2,0,2,1,0,377877,6134,164585,0,3994,313,0,30282,2
0,0,42360,50,2,1,2,0,2,1,0,323371,230,183652,13889,5787,0,40963,2530,2
0,0,42360,50,2,1,2,0,2,1,0,0,3097,9869,0,5035,0,0,0,2
0,0,42360,50,2,1,2,0,2,1,0,18975,6134,48531,89343,3994,50732,21848,20406,2
0,0,42360,50,2,1,2,0,2,1,0,152376,3319,75359,0,5396,0,0,0,2
1,0,42360,50,2,1,2,0,2,1,0,33649,5853,226868,39874,1705,23535,45262,30061,2
0,0,42360,50,2,1,2,0,2,1,0,227980,4494,73863,27221,5578,0,0,0,2
0,0,42360,50,2,1,2,0,2,1,0,291842,2106,77346,19587,2549,36299,21342,13440,2
0,0,42360,50,2,1,2,0,2,1,0,72575,6444,239239,93671,2915,82910,775,26594,2
0,0,42360,50,2,1,2,0,2,1,0,282498,6444,149010,53568,2915,89039,28278,12154,2
0,0,42360,50,2,1,2,0,2,1,0,269604,5853,204343,40630,1705,40694,51255,30061,2
0,0,42360,50,2,1,2,0,2,1,0,273952,6134,46092,13889,3994,0,40963,20406,2
0,0,42360,50,2,1,2,0,2,1,0,50909,1484,183869,6066,1279,45105,50632,26755,2
1,0,42360,50,2,1,2,0,2,1,0,192123,4494,199782,0,5578,6511,0,0,2
0,0,42360,50,2,1,2,0,2,1,0,0,5361,7470,90353,679,92835,21017,0,2
0,0,42360,50,2,1,2,0,2,1,0,68647,6444,215058,0,2915,35764,0,18648,2
0,0,42360,50,2,1,2,0,2,1,0,212931,6444,52258,0,2915,0,0,24973,2
0,0,42360,50,2,1,2,0,2,1,0,435580,6134,7657,18089,3994,0,0,2501,2
0,0,42360,50,2,1,2,0,2,1,0,49599,6909,77738,83326,542,0,0,0,2
0,0,42360,50,2,1,2,0,2,1,0,268529,1913,156043,11584,4074,0,0,0,2
1,0,42360,50,2,1,2,0,2,1,0,114525,1484,115918,58278,1279,0,0,26755,2
0,0,42360,50,2,1,2,0,2,1,0,91387,3097,110375,53751,5035,0,0,0,2
0,0,42360,50,2,1,2,0,2,1,0,134464,5841,173137,0,4942,0,0,0,2
1,0,42360,50,2,1,2,0,2,1,0,302410,5841,100593,89886,4942,0,0,0,2
0,0,42360,50,2,1,2,0,2,1,0,108820,6444,3071,71981,2915,0,0,14375,2
0,0,42360,50,2,1,2,0,2,1,0,400592,6134,220373,74213,3994,0,0,30282,2
0,0,42360,50,2,1,2,0,2,1,0,247880,4494,223577,67747,5578,0,0,0,2
0,0,42360,50,2,1,2,0,2,1,0,431322,6134,154658,101568,3994,77850,27013,3860,2
0,0,42360,50,2,1,2,0,2,1,0,258632,5853,108906,0,1705,0,0,7887,2
0,0,42360,50,2,1,2,0,2,1,0,438683,6479,157803,0,2993,0,0,18304,2
0,0,42360,50,2,1,2,0,2,1,0,377877,6134,164585,0,3994,313,0,21196,2
0,0,42360,50,2,1,2,0,2,1,0,413576,5853,85511,77840,1705,72609,5853,30061,2
1,0,42360,50,2,1,2,0,2,1,0,144354,6444,167129,0,2915,10965,0,12154,2
1,0,42360,50,2,1,2,0,2,1,0,182781,4187,236542,0,718,104390,0,20356,2
1,0,101129,50,7,2,7,0,2,1,2,0,3679,48471,98071,705,0,15533,0,1
0,0,101129,50,7,2,7,0,2,1,2,0,5895,48471,98071,4059,0,15533,0,1
0,0,101129,50,7,2,7,0,2,1,2,263691,25,76637,17382,2624,34168,42464,0,1
0,0,101129,50,7,2,7,0,2,1,2,189966,6471,74538,89662,1308,0,0,0,1
0,0,101129,50,7,2,7,0,2,1,2,136453,6580,200273,39731,2297,0,0,0,1
0,0,101129,50,7,2,7,0,2,1,2,314924,5470,237898,103688,2078,0,0,0,1
0,0,101129,50,7,2,7,0,2,1,2,133761,736,248377,15181,879,0,0,0,1
1,0,101129,50,7,2,7,0,2,1,2,388637,6837,211609,59637,2387,0,0,0,1
0,0,101129,50,7,2,7,0,2,1,2,278145,6475,18864,13197,2723,99791,0,0,1
0,0,101129,50,7,2,7,0,2,1,2,69349,2228,92097,69790,131,0,0,31313,1
0,0,101129,50,7,2,7,0,2,1,2,138306,2050,229513,4865,0,0,0,0,1
0,0,101129,50,7,2,7,0,2,1,2,366288,3513,176788,15562,4677,0,2612,0,1
